date,current_sst,actual_7d_ahead_sst,persistence_pred,linear_regression_pred,random_forest_pred
2018-01-01,15.454437,15.615653,15.317741,15.484310957648,15.30829149847761
2018-01-02,15.525194,15.4739685,15.317109,15.417024431133756,15.289817856968693
2018-01-03,15.595161,15.367568,15.324701,15.513463204082012,15.223177683908249
2018-01-04,15.587317,15.320391,15.358096,15.55695432760334,15.474424283305407
2018-01-05,15.586972,15.550974,15.454265,15.515397907374453,15.487087764324826
2018-01-06,15.610069,15.547442,15.459392,15.54028844454874,15.51157950857362
2018-01-07,15.589575,15.7343,15.485332,15.54868777579183,15.544685401708296
2018-01-08,15.615653,15.721215,15.454437,15.478674244734016,15.513389527941644
2018-01-09,15.4739685,15.649884,15.525194,15.510390042582792,15.522201490073378
2018-01-10,15.367568,15.618968,15.595161,15.329966118998126,15.09841408106123
2018-01-11,15.320391,15.653256,15.587317,15.28623313477701,15.069243113800212
2018-01-12,15.550974,15.56883,15.586972,15.226871954296996,14.946987116193041
2018-01-13,15.547442,15.413348,15.610069,15.428858876660746,15.311253243013125
2018-01-14,15.7343,15.2111225,15.589575,15.263867778306283,15.138324729770824
2018-01-15,15.721215,15.279736,15.615653,15.479022310448688,15.513856415860607
2018-01-16,15.649884,15.094254,15.4739685,15.34518650476106,15.519162356556857
2018-01-17,15.618968,15.09015,15.367568,15.328628510503737,15.509806251888694
2018-01-18,15.653256,15.074931,15.320391,15.358673311119848,15.508257769535378
2018-01-19,15.56883,14.968726,15.550974,15.396802830809582,15.550391678364877
2018-01-20,15.413348,14.996709,15.547442,15.287353020634606,15.510148670284655
2018-01-21,15.2111225,15.085619,15.7343,15.175106994933877,14.921030626799109
2018-01-22,15.279736,14.995675,15.721215,15.02503126942458,14.933417346766298
2018-01-23,15.094254,15.19188,15.649884,15.189825148727778,14.938592069431097
2018-01-24,15.09015,15.283967,15.618968,14.932602774741676,14.857220475010097
2018-01-25,15.074931,15.202809,15.653256,15.038635296511886,14.837820355611107
2018-01-26,14.968726,15.128015,15.56883,14.936583746387734,14.8411391965107
2018-01-27,14.996709,15.104333,15.413348,14.849805819549942,14.799504464780311
2018-01-28,15.085619,15.209632,15.2111225,14.913335197836245,14.852011556059805
2018-01-29,14.995675,15.275332,15.279736,14.942524370848167,14.898757381689801
2018-01-30,15.19188,15.247798,15.094254,14.838774304995122,14.825553084661317
2018-01-31,15.283967,15.331926,15.09015,15.094663902159713,14.94450923143966
2018-02-01,15.202809,15.430537,15.074931,14.989616576192466,14.959650170932585
2018-02-02,15.128015,15.422397,14.968726,14.931642505197956,14.93359051351145
2018-02-03,15.104333,15.382535,14.996709,14.961876406722814,14.878860811304788
2018-02-04,15.209632,15.192041,15.085619,14.99866534120166,14.881791345992703
2018-02-05,15.275332,14.989507,14.995675,15.089182430668743,14.933408264877292
2018-02-06,15.247798,14.862316,15.19188,15.109029034428445,14.920759778134245
2018-02-07,15.331926,14.846307,15.283967,15.054362339180035,14.916125993528516
2018-02-08,15.430537,14.816306,15.202809,15.166342260856892,14.938783471357103
2018-02-09,15.422397,14.806628,15.128015,15.22424821134385,14.930943228342713
2018-02-10,15.382535,14.823347,15.104333,15.181537178378317,14.924616660040693
2018-02-11,15.192041,14.783659,15.209632,15.167108103274364,14.922221809280085
2018-02-12,14.989507,14.538634,15.275332,15.023363168098026,14.888038561942976
2018-07-21,17.853256,17.75024,17.647993,17.97855684990061,17.96098160917806
2018-07-22,18.07922,17.777876,17.609886,18.026465904215787,18.159393040587123
2018-07-23,18.157524,17.847752,17.55742,18.111237313922217,18.450809416017705
2018-07-24,18.099058,17.960573,17.466627,18.14425881306949,18.45219271911644
2018-07-25,17.949793,18.012993,17.503601,18.150454187819477,18.43237868266508
2018-07-26,17.883623,18.039553,17.258472,18.144258285005243,18.416537174262288
2018-08-09,18.45827,18.580332,18.039553,18.500216789550983,18.556013350359525
2018-08-10,18.583738,18.66704,17.877018,18.655473801264673,18.49523096943472
2018-08-11,18.805206,18.692213,17.816994,18.680858741647047,18.437335916749042
2018-08-12,18.732765,18.76548,17.868668,18.900046576522158,18.47903116521662
2018-08-13,18.646101,18.78969,17.897568,18.754238879060853,18.620222948126916
2018-08-14,18.570951,18.77633,17.912292,18.793264649076974,18.809366740128056
2018-08-15,18.573854,18.857765,18.160343,18.7868885486034,18.83692098044197
2018-08-16,18.580332,18.940973,18.45827,18.829250194541032,18.773711515793355
2018-08-17,18.66704,18.908577,18.583738,18.852855024867885,18.760619256344594
2018-08-18,18.692213,18.908934,18.805206,18.931091651485232,18.5838103363746
2018-08-19,18.76548,18.841972,18.732765,18.922355630561945,18.8871134348713
2018-08-20,18.78969,18.683727,18.646101,19.009190220868792,18.84265773636426
2018-08-21,18.77633,18.664724,18.570951,19.009275109185225,18.839970081293966
2018-08-22,18.857765,18.804657,18.573854,18.96676372032839,18.89753676959916
2018-08-23,18.940973,18.875011,18.580332,19.009690706908028,19.086940244985197
2018-08-24,18.908577,18.697315,18.66704,19.014162440695756,19.098746587354704
2018-08-25,18.908934,18.63907,18.692213,18.926501760101385,19.377048945621823
2018-08-26,18.841972,18.61196,18.76548,18.98766659415437,19.357874594087342
2018-11-16,17.23352,17.006227,17.135092,17.024562649047944,17.088230780779885
2018-11-17,17.147501,16.958979,17.199116,16.90970174145425,17.064108408978925
2018-11-18,17.07148,16.9204,17.142681,16.88430124923138,16.95005837952535
2018-11-19,17.147842,16.966755,17.05743,16.84442288126018,16.893835014293504
2018-11-20,17.162455,17.058773,17.095985,16.9333083398186,16.91317251041204
2018-11-21,17.20282,16.97649,17.204966,16.86928761958569,16.76998766173036
2018-11-22,17.139782,16.811169,17.304817,16.903393766955972,16.7950847429048
2018-11-23,17.006227,16.604597,17.23352,16.836024276220414,16.663144170769808
2018-11-24,16.958979,16.399792,17.147501,16.72665076737882,16.56887554055878
2018-11-25,16.9204,16.225998,17.07148,16.734164774214047,16.45110813158968
2018-11-26,16.966755,16.198006,17.147842,16.66945995804847,16.317174218048827
2018-11-27,17.058773,16.090824,17.162455,16.68370352611673,16.30577684688881
2018-11-28,16.97649,16.028358,17.20282,16.681328132326307,16.472260326551112
2018-11-29,16.811169,16.022396,17.139782,16.516344709620036,16.378284276897833
2018-11-30,16.604597,16.054895,17.006227,16.42741345844245,16.2690759939435
2018-12-01,16.399792,16.058647,16.958979,16.23790737564135,16.241623087628124
2018-12-09,16.165401,16.060928,16.225998,15.714277276050877,15.581960443608962
2018-12-10,16.104874,16.034048,16.198006,15.793119404680343,15.73145532568086
2018-12-11,16.06742,16.042465,16.090824,15.644375950625447,15.54397963591771
2018-12-12,16.137018,16.09866,16.028358,15.667457630137982,15.5173701569339
2018-12-13,16.208359,16.08821,16.022396,15.75281907561007,15.523022965248398
2018-12-14,16.157019,16.130424,16.054895,15.784436861957827,15.663702211972852
2018-12-15,16.036606,16.124666,16.058647,15.733689543723832,15.61079277035521
2018-12-16,16.060928,16.089094,16.165401,15.667004672884646,15.521634243250237
2018-12-17,16.034048,15.944553,16.104874,15.73710703587137,15.513378956926596
2018-12-18,16.042465,15.837638,16.06742,15.670463554569125,15.537661421798454
2018-12-19,16.09866,15.721582,16.137018,15.68463487288548,15.5199385042758
2018-12-20,16.08821,15.453027,16.208359,15.697473798331783,15.547777265626264
2018-12-21,16.130424,15.294827,16.157019,15.633922666131495,15.555875431918345
2018-12-22,16.124666,15.201192,16.036606,15.678015275248287,15.591707180436991
2018-12-23,16.089094,15.134243,16.060928,15.599993645930002,15.595594798950211
2018-12-24,15.944553,14.927042,16.034048,15.577985961267755,15.563310974667596
2018-12-25,15.837638,14.831573,16.042465,15.44232482513236,15.533925189991102
2018-12-26,15.721582,14.911925,16.09866,15.36599599316982,15.442936614871474
2019-01-23,14.954862,15.108096,14.856387,14.91340433896188,15.123814261965865
2019-01-24,15.04203,15.065378,14.871202,15.02383034982393,15.150285574546873
2019-01-25,14.77703,15.113108,14.922074,14.987705412632977,15.127488137038101
2019-01-26,14.854736,15.089793,15.027086,14.700311720481423,15.044144687214779
2019-01-27,14.952912,15.017533,15.011307,14.941526887867239,15.06695340986477
2019-01-28,15.205413,14.942099,14.810699,14.937772765746772,15.087569948503878
2019-01-29,15.215148,14.885744,14.792545,15.120273743719778,15.071681935209769
2019-01-30,15.108096,14.794174,14.954862,14.993038530043947,15.066860050289867
2019-01-31,15.065378,14.78351,15.04203,14.94384658835361,15.131138073726804
2019-02-01,15.113108,14.751823,14.77703,14.949466469886266,15.07482811206156
2019-02-02,15.089793,14.729609,14.854736,14.986935538543344,15.102993100870357
2019-02-03,15.017533,14.715206,14.952912,14.936864573854747,15.137784153862997
2019-02-04,14.942099,14.619597,15.205413,14.917985058127073,15.133456990200896
2019-02-05,14.885744,14.581903,15.215148,14.880657565943757,15.160063383308643
2019-02-06,14.794174,14.544472,15.108096,14.827954993991206,15.18112001986918
2019-02-07,14.78351,14.571822,15.065378,14.726302638153252,15.16636819777048
2019-02-08,14.751823,14.640137,15.113108,14.790085171062689,15.19227180943486
2019-04-02,15.164128,15.081054,14.743245,15.061079377256924,15.056433035801122
2019-04-03,15.1140585,14.885206,15.004128,15.146497661761195,15.076899055439851
2019-04-04,15.0046215,14.713693,15.075206,15.045660739887156,15.194213916302182
2019-04-05,14.994152,14.5057335,15.089553,15.005774060825255,15.24620688772871
2019-04-06,15.200825,14.46586,15.028692,15.076523138731607,15.26790554569222
2019-04-07,15.348016,14.531904,14.956939,15.263594287254053,15.360043961882184
2019-04-08,15.331055,14.621524,15.048841,15.260989715540738,15.473804205856165
2019-04-09,15.081054,14.651582,15.164128,15.202549628848786,15.499896831486028
2019-04-23,15.030963,14.962706,14.651582,15.200170793417263,15.249289819817868
2019-04-24,15.177878,14.995974,14.683909,15.258909702765546,15.350726127489478
2019-04-25,15.273452,15.119358,14.752545,15.39105513699366,15.50343863180478
2019-04-26,15.333109,15.1861,14.828303,15.476221199417372,15.660375332691977
2019-04-27,15.323659,15.197774,14.737717,15.547289002608194,15.65009378801341
2019-04-28,15.19798,15.240791,14.691697,15.552964077164347,15.660255984345424
2019-08-26,18.772524,19.304138,18.027695,18.696756786811246,18.83068931705151
2019-08-27,18.749634,19.260138,18.11703,18.776098369058822,18.856507326303966
2019-08-28,18.923761,19.393578,18.203978,18.754447879959223,18.896096579041185
2019-08-29,19.142029,19.305113,18.261124,18.98938632927659,18.93358794284409
2019-08-30,19.277578,19.389345,18.183441,19.13281491001577,19.02932118126559
2019-08-31,19.296858,19.28126,18.54734,19.194554104273017,19.114190366211414
2019-09-01,19.423107,19.24734,18.681639,19.16334513784417,19.045772550269216
2019-09-02,19.304138,19.088451,18.772524,19.34475619464271,19.020738820616625
2019-09-03,19.260138,19.09782,18.749634,19.192888779205088,19.058167927925933
2019-09-04,19.393578,19.096285,18.923761,19.26922604298433,19.069677728406507
2019-09-05,19.305113,19.185413,19.142029,19.40219859030006,19.03777117569162
2019-09-06,19.389345,19.426537,19.277578,19.264024546104363,19.022878791553396
2019-09-07,19.28126,19.429186,19.296858,19.37517805958123,18.95468076455978
2019-09-08,19.24734,19.383532,19.423107,19.179516319691608,18.872995100927763
2019-09-09,19.088451,19.288301,19.304138,19.22828279831776,18.841751163574415
2019-09-10,19.09782,19.347532,19.260138,19.076581158827775,18.814627939713535
2019-09-11,19.096285,19.393726,19.393578,19.121218843738113,18.79222251075632
2019-09-12,19.185413,19.251696,19.305113,19.04116294613813,18.890907320691298
2019-09-13,19.426537,19.167248,19.389345,19.094037957907595,18.942129258425815
2019-09-14,19.429186,19.094551,19.28126,19.273003326402907,18.967566346045786
2019-09-15,19.383532,19.034954,19.24734,19.13837257137324,18.91737394406067
2019-09-16,19.288301,19.030273,19.088451,19.19294819248378,18.899621058789194
2019-09-17,19.347532,19.12969,19.09782,19.152777808528697,18.89582706956412
2019-09-18,19.393726,19.177788,19.096285,19.240966024337375,18.962113216368312
2019-09-19,19.251696,19.113256,19.185413,19.267541150338374,19.161560886200288
2019-09-20,19.167248,18.882065,19.426537,19.097568117604496,19.124548573718037
2019-09-21,19.094551,18.689793,19.429186,19.122455386061272,19.10295515079097
2019-09-22,19.034954,18.523497,19.383532,19.06565361073456,19.07743413425615
2019-09-23,19.030273,18.47148,19.288301,19.067121696358573,19.062397954893424
2019-09-24,19.12969,18.27243,19.347532,19.0721192688636,19.174401017690503
2019-09-25,19.177788,18.182144,19.393726,19.15384320605299,19.39986192082901
2019-09-26,19.113256,18.170103,19.251696,19.139245673280097,19.35884634001963
2019-09-27,18.882065,18.063658,19.167248,19.039207300109297,19.32522054685534
2020-05-09,15.659635,16.242924,15.31156,15.676622938629977,15.848403675095776
2020-05-10,15.985195,16.315401,15.268073,15.764689222862044,15.87555847111659
2020-05-11,16.041445,16.43273,15.320584,16.022383610299194,15.911957423302587
2020-05-12,16.097076,16.465057,15.506868,15.912367201961448,15.925603631271487
2020-05-13,16.167696,16.293991,15.402108,16.054993055123603,15.907971338082568
2020-05-14,16.266731,16.106686,15.445597,16.13301284201654,16.05717894133652
2020-05-15,16.342419,16.010483,15.53836,16.25245725436642,16.107779613262743
2020-05-16,16.242924,15.8517885,15.659635,16.32306164346774,16.3099951247863
2020-05-17,16.315401,15.8467655,15.985195,16.255679381862304,16.72680408713099
2020-05-18,16.43273,15.93743,16.041445,16.428351093877733,16.943278917935984
2020-05-19,16.465057,16.081032,16.097076,16.47306683236413,16.8819093475848
2020-05-25,15.93743,16.173702,16.43273,16.124557101819846,15.777699355026952
2020-05-26,16.081032,16.245539,16.465057,16.17197661892295,15.873295319768182
2020-05-27,16.137146,16.38781,16.293991,16.27833378410773,16.051492860973234
2020-05-28,16.186892,16.375195,16.106686,16.294272012151666,16.26076971202801
2020-05-29,16.327648,16.289873,16.010483,16.359431704748054,16.6430935624713
2020-05-30,16.261524,16.212168,15.8517885,16.528688125867774,16.663802981365514
2020-06-14,16.575642,16.877453,16.218533,16.696122195310704,16.779361994339084
2020-06-15,16.608463,17.039207,16.086777,16.89080755901637,16.787020766474754
2020-06-16,16.586351,17.083626,16.158703,16.88533740232988,16.782539149663464
2020-06-17,16.62743,17.119265,16.17718,16.857895575105047,16.900952261134922
2020-06-18,16.740046,17.034863,16.155321,16.958051275258747,16.95975952495454
2020-06-19,16.77774,17.046112,16.548645,17.065231787106562,16.795555459477054
2020-06-20,16.785938,17.077614,16.521124,17.072450948607766,16.824053576993617
2020-06-21,16.877453,16.942408,16.575642,17.10194232759067,16.814438995653806
2020-06-22,17.039207,16.874186,16.608463,17.23365492710299,16.81641629022404
2020-06-23,17.083626,16.85,16.586351,17.336703103747375,16.884374955043448
2020-06-24,17.119265,16.811043,16.62743,17.329107066123,17.016994069782815
2020-06-25,17.034863,16.898394,16.740046,17.40599213143524,17.201455110114903
2020-06-26,17.046112,17.011343,16.77774,17.278184157088386,17.44473538659678
2020-06-27,17.077614,17.05625,16.785938,17.39030447768731,17.63324823143129
2020-06-28,16.942408,17.148567,16.877453,17.413423643128187,17.696834457989578
2020-06-29,16.874186,17.28445,17.039207,17.27846699973381,17.63745914964911
2020-06-30,16.85,17.30797,17.083626,17.309878058429902,17.571589586383826
2020-07-01,16.811043,17.07868,17.119265,17.24591476732168,17.521103916285952
2020-07-02,16.898394,17.039333,17.034863,17.19383652482122,17.45414335187061
2020-07-03,17.011343,17.103096,17.046112,17.294560201263245,17.422677049812407
2020-07-04,17.05625,17.175951,17.077614,17.346194071454814,17.41390759560341
2020-07-05,17.148567,17.222935,16.942408,17.352550807776844,17.33913435394011
2020-07-06,17.28445,17.244104,16.874186,17.42746907370253,17.342766759762256
2020-07-07,17.30797,17.157845,16.85,17.52049511118994,17.40109859869334
2020-08-13,18.24352,19.570652,17.599277,18.342990301915048,18.679537508442024
2020-08-14,18.58062,19.384678,17.566204,18.467854965229765,18.685392506949164
2020-08-15,19.04671,19.281158,17.626938,18.749416391683088,18.668183645331087
2020-08-16,19.329966,19.237682,17.747454,19.001700031038645,18.916650585034798
2020-08-17,19.36906,19.273222,17.844622,19.080334005991936,19.00938285383889
2020-08-18,19.439978,19.22648,18.012936,19.098953791202824,19.080689115197124
2020-08-19,19.568634,18.993795,18.11891,19.266987204834383,19.198008257833184
2020-08-20,19.570652,18.734095,18.24352,19.4387248230625,19.211656551046666
2020-08-21,19.384678,18.650654,18.58062,19.450662602712395,19.30851883202695
2020-08-22,19.281158,18.699118,19.04671,19.340448904237963,19.347845086149253
2020-08-23,19.237682,18.810883,19.329966,19.345579479725554,19.30129850630919
2020-08-24,19.273222,18.729277,19.36906,19.306477440952012,19.215088465782895
2020-08-25,19.22648,18.822248,19.439978,19.313472428274277,19.125424461248663
2020-08-26,18.993795,18.918152,19.568634,19.21066211019579,19.03235308559697
2020-08-27,18.734095,18.941227,19.570652,19.000752207295726,19.013385057597173
2020-08-31,18.729277,19.563944,19.273222,18.772225742599716,19.01508226983776
2020-09-01,18.822248,19.631859,19.22648,18.588347739759623,18.970008652204022
2020-09-02,18.918152,19.460985,18.993795,18.75106751650863,18.934078164587998
2020-09-03,18.941227,19.06977,18.734095,18.8034001771934,18.932003324003126
2020-09-04,19.02727,19.032522,18.650654,18.8400316000727,19.024759853113572
2020-09-05,19.113955,19.042707,18.699118,18.954613747444032,19.025535479933907
2020-09-06,19.27875,18.972467,18.810883,19.006512071682508,18.931365376125026
2020-09-07,19.563944,18.998762,18.729277,19.1454361247789,18.946064579565782
2020-09-08,19.631859,19.075274,18.822248,19.35021633193646,18.97173166029705
2020-09-09,19.460985,19.23611,18.918152,19.340407344566533,18.95783629072002
2020-09-10,19.06977,19.51055,18.941227,19.2924731268673,19.210969786895156
2020-09-11,19.032522,19.59712,19.02727,19.07636026203658,19.11658580695041
2020-09-12,19.042707,19.54868,19.113955,19.224521178858403,19.080880564109684
2020-09-13,18.972467,19.423485,19.27875,19.13227152740671,19.198764233107795
2020-09-14,18.998762,19.285389,19.563944,19.032196030944288,19.387312156544592
2020-09-15,19.075274,19.223429,19.631859,19.064584734901707,19.40209819246522
2020-09-16,19.23611,19.31172,19.460985,19.09642014683261,19.43272489970417
2020-09-17,19.51055,19.32796,19.06977,19.237817752317245,19.416844979233083
2020-09-18,19.59712,19.231537,19.032522,19.373264847893555,19.365106174984447
2020-09-19,19.54868,19.285172,19.042707,19.30754313776694,19.39675760546018
2020-09-20,19.423485,19.343357,18.972467,19.250354634013394,19.437577643500422
2020-09-21,19.285389,19.445997,18.998762,19.13876138872363,19.442675126333608
2020-09-22,19.223429,19.53155,19.075274,19.065228826171108,19.402066546004498
2020-09-23,19.31172,19.568453,19.23611,19.087906781459434,19.33398217887963
2020-09-24,19.32796,19.669071,19.51055,19.229239421087524,19.380199556401305
2020-09-25,19.231537,19.838085,19.59712,19.171815269718383,19.369425830270497
2020-09-26,19.285172,19.849129,19.54868,19.08706092275154,19.216265812123762
2020-09-27,19.343357,19.71992,19.423485,19.226374212531663,19.042008823176435
2020-09-28,19.445997,19.607225,19.285389,19.236076869582284,19.127811463861836
2020-09-29,19.53155,19.623758,19.223429,19.29325856490815,19.280411372896513
2020-09-30,19.568453,19.620113,19.31172,19.281078524321455,19.158228892034753
2020-10-01,19.669071,19.546595,19.32796,19.189822301607016,19.196004201629375
2020-10-02,19.838085,19.520561,19.231537,19.26374133672979,19.225136451377622
2020-10-03,19.849129,19.38626,19.285172,19.38168000523636,19.454889874875164
2020-10-04,19.71992,19.246248,19.343357,19.34981515461738,19.495389310183494
2020-10-05,19.607225,19.237764,19.445997,19.296616901849898,19.297218840006
2020-10-06,19.623758,19.253061,19.53155,19.281997511952415,19.143769939272136
2020-10-07,19.620113,19.222694,19.568453,19.315976793813487,19.12028273943832
2020-10-08,19.546595,19.30148,19.669071,19.25679677111858,19.10253622189924
2020-10-09,19.520561,19.443954,19.838085,19.178838512952485,19.065072490204432
2020-10-10,19.38626,19.449438,19.849129,19.170814405275706,19.009346742548725
2020-10-11,19.246248,19.387224,19.71992,19.029259627493953,18.896669181897458
2020-10-12,19.237764,19.290962,19.607225,18.935183544128815,18.801867029359602
2020-10-13,19.253061,19.138613,19.623758,18.934735244534565,18.762153575302246
2020-10-14,19.222694,19.052834,19.620113,18.894718817184994,18.726823340732192
2020-10-15,19.30148,18.842283,19.546595,18.82413847279805,18.775897474664735
2020-10-16,19.443954,18.653015,19.520561,18.87918760562158,18.86249274989869
2020-10-17,19.449438,18.5279,19.38626,18.965851834352286,18.937408033978663
2020-10-18,19.387224,18.324827,19.246248,18.931531343408246,18.961663098417883
2020-10-19,19.290962,18.219873,19.237764,18.916179629122414,18.923314198134335
2020-10-20,19.138613,18.188738,19.253061,18.846421833804015,18.85448275748472
2020-10-21,19.052834,18.147707,19.222694,18.72339775627603,18.786174556464967
2020-10-22,18.842283,18.136364,19.30148,18.69184563367148,18.594698557252983
2020-10-23,18.653015,18.204048,19.443954,18.464062612927787,18.480696884691074
2020-10-24,18.5279,18.206903,19.449438,18.36523737828045,18.57621794052504
2020-10-25,18.324827,18.22523,19.387224,18.292928151948097,18.63055332782636
2020-10-26,18.219873,18.151972,19.290962,18.08865266811112,18.59708434518232
2020-10-27,18.188738,18.07922,19.138613,18.040801899886837,18.568728152693964
2020-10-28,18.147707,18.090435,19.052834,17.994140566308307,18.59627599711613
2020-10-30,18.204048,18.006008,18.653015,17.88289438014683,18.450415879535687
2020-10-31,18.206903,17.76766,18.5279,17.929877445670765,18.379065090991894
2020-11-01,18.22523,17.330654,18.324827,17.86027467779401,18.276998255050646
2020-11-02,18.151972,16.677694,18.219873,17.888525572946524,18.142413491248774
2020-11-03,18.07922,16.483784,18.188738,17.808821142599918,18.023108984316938
2020-11-04,18.090435,16.440287,18.147707,17.77214292769593,17.91630366769667
2020-11-05,18.093222,16.410116,18.136364,17.81346193057634,17.887544468891907
2020-11-06,18.006008,16.374174,18.204048,17.787852951515784,17.886428500541612
2021-08-12,18.227304,18.585379,17.853785,18.275446045627266,18.674402908895704
2021-08-13,18.584654,18.556732,17.707397,18.418951633576032,18.699202316928865
2021-08-14,18.70594,18.523924,17.704208,18.68066191226064,18.73940405816282
2021-08-15,18.677855,18.503658,17.898806,18.600564299757714,18.740528553132314
2021-08-16,18.726192,18.471228,17.94087,18.57660266642337,18.755230561063218
2021-08-17,18.695665,18.413301,17.95383,18.714087336622992,18.772216583325218
2021-08-18,18.60781,18.36703,18.0543,18.72693223446993,18.835609482265692
2021-08-19,18.585379,18.360092,18.227304,18.747525353077762,18.811040846460735
2021-08-20,18.556732,18.338337,18.584654,18.81764552858078,18.764098665595647
2021-08-21,18.523924,18.309082,18.70594,18.785092137392443,18.755115991568367
2021-08-22,18.503658,18.305723,18.677855,18.740974263870214,18.727697455111286
2022-07-31,18.076754,19.118979,17.439129,18.067684766356585,18.45843894132185
2022-08-01,18.34384,19.21141,17.436651,18.271976504266892,18.660330329629993
2022-08-02,18.668623,19.373165,17.47611,18.337227643708488,18.598996664244023
2022-08-03,18.827145,19.540619,17.44265,18.628743814353616,18.525906929124965
2022-08-04,19.011034,19.520584,17.48032,18.696947867642642,18.587679254551105
2022-08-05,18.988485,19.365849,17.52977,18.897312766456537,18.880734908516345
2022-08-06,19.059416,19.05781,17.69344,18.85152760652815,18.88877870033526
2022-08-07,19.118979,18.717178,18.076754,19.02183942697294,19.014364360780675
2022-08-08,19.21141,18.396423,18.34384,19.07915951647917,19.16913216733052
2022-08-09,19.373165,18.158728,18.668623,19.18699930716917,19.178152777449576
2022-08-10,19.540619,18.114197,18.827145,19.33442360873016,19.2052864714113
2022-08-11,19.520584,17.96203,19.011034,19.42101507923861,19.259363309602875
2022-08-12,19.365849,18.074415,18.988485,19.369530740232143,19.304671059916366
2022-08-13,19.05781,18.372179,19.059416,19.279481089045742,19.342084903580172
2022-08-14,18.717178,18.515482,19.118979,19.02828784732643,19.32289861195414
2022-08-15,18.396423,18.4989,19.21141,18.786996646428868,18.992841229391637
2022-08-31,18.85008,19.819862,18.340435,18.929743175619837,18.989050618432785
2022-09-01,18.90633,19.895298,18.195734,19.02332319258824,18.98412717232014
2022-09-02,19.022142,19.895847,18.262453,19.021068239509738,19.105305989885142
2022-09-03,19.23822,19.687258,18.216295,19.091436341662785,19.250889554152245
2022-09-04,19.511927,19.729347,18.216284,19.231763446960304,19.28434075339832
2022-09-05,19.679852,19.729313,18.563087,19.38912352059159,19.25970802139262
2022-09-06,19.725445,19.650238,18.72414,19.432360057462912,19.30137289864257
2022-09-07,19.819862,19.618681,18.85008,19.49843126982295,19.52889432672198
2022-09-08,19.895298,19.567911,18.90633,19.65082596860246,19.844394061866268
2022-09-09,19.895847,19.503521,19.022142,19.6878884292403,19.86418240522228
2022-09-10,19.687258,19.346985,19.23822,19.700027149154504,19.83492956086622
2022-09-11,19.729347,19.364473,19.511927,19.532011267464284,19.354699218963002
2022-09-12,19.729313,19.551628,19.679852,19.624085492164635,19.42541444365523
2022-09-13,19.650238,19.699715,19.725445,19.516851925178326,19.394979883913578
2022-09-14,19.618681,19.753544,19.819862,19.418753690665486,19.116280415310808
2022-09-15,19.567911,19.644669,19.895298,19.416882227372966,19.03401143143664
2022-09-16,19.503521,19.540344,19.895847,19.346675275373673,19.006107799753718
2022-09-17,19.346985,19.501617,19.687258,19.28552364223905,19.13815475763753
2022-09-18,19.364473,19.445997,19.729347,19.094514422432322,19.142375598858383
2022-09-19,19.551628,19.352282,19.729313,19.16066578608525,19.171628410710362
2022-09-20,19.699715,19.261433,19.650238,19.29145271558857,19.18991295816582
2022-09-21,19.753544,19.201881,19.618681,19.30377631721508,19.247524373727128
2022-09-22,19.644669,19.164139,19.567911,19.29717899704729,19.38640620582343
2022-09-23,19.540344,19.067924,19.503521,19.210031019677402,19.267909955654176
2022-09-24,19.501617,19.06008,19.346985,19.261405767711402,19.222521689557944
2022-09-25,19.445997,18.96985,19.364473,19.282583644294924,19.241949617531002
2022-09-26,19.352282,18.89227,19.551628,19.229065137386794,19.202613963128425
2022-09-27,19.261433,18.838163,19.699715,19.162168812346227,19.11888251213162
2022-09-28,19.201881,18.766628,19.753544,19.11164462346373,19.086248061016907
2022-09-29,19.164139,18.705893,19.644669,19.092763598189734,19.133308067645007
2022-09-30,19.067924,18.673738,19.540344,19.076630076472973,19.128420200681372
2022-10-01,19.06008,18.71711,19.501617,18.962762230309828,19.0944545620592
2022-10-02,18.96985,18.779667,19.445997,18.99301249365067,19.04743338588022
2022-10-03,18.89227,18.791067,19.352282,18.84807881721466,18.969396366494554
2022-10-04,18.838163,18.750858,19.261433,18.786309943801335,18.82990112436853
2022-10-05,18.766628,18.652384,19.201881,18.72620201529329,18.688793127414435
2022-10-06,18.705893,18.566319,19.164139,18.661130247336363,18.644381008255902
2022-10-07,18.673738,18.572086,19.067924,18.62909927595889,18.694442275162817
2022-10-08,18.71711,18.646502,19.06008,18.591651840581893,18.671521132109273
2022-10-09,18.779667,18.761686,18.96985,18.63224897799305,18.38232565888962
2022-10-10,18.791067,18.806973,18.89227,18.664662350054375,18.235704985257204
2022-10-11,18.750858,18.954897,18.838163,18.653169529656918,18.146083599709105
2022-10-12,18.652384,19.042994,18.766628,18.62163097379492,18.173108724058807
2022-10-13,18.566319,19.040848,18.705893,18.541088217656696,18.16106396698888
2022-10-14,18.572086,18.86493,18.673738,18.49726698965324,18.18506486206174
2022-10-15,18.646502,18.597385,18.71711,18.494373184533128,18.357742593066156
2022-10-16,18.761686,18.409334,18.779667,18.523701263741895,18.39138336388335
2022-10-17,18.806973,18.24922,18.791067,18.580494309661006,18.433371296171707
2022-10-18,18.954897,18.045858,18.750858,18.56918701763466,18.40375959154989
2022-10-19,19.042994,17.821203,18.652384,18.707247248509525,18.47821391848388
2022-10-20,19.040848,17.689093,18.566319,18.711394211694362,18.578743419861695
2022-10-21,18.86493,17.618452,18.572086,18.686739881562943,18.571074418852437
2022-10-22,18.597385,17.544012,18.646502,18.528893113715554,18.585993594243448
2022-10-23,18.409334,17.42633,18.761686,18.342219470848722,18.723369786027636
2022-10-24,18.24922,17.382488,18.806973,18.231446291310938,18.700189058749945
2022-10-25,18.045858,17.269106,18.954897,18.068657801713822,18.482096629516043
2023-08-15,18.663084,19.133968,17.35883,18.465842812035355,18.57211843007851
2023-08-16,18.912601,19.133131,17.604195,18.805153042911602,18.563252774775066
2023-08-17,18.989965,19.160217,17.67984,18.854566088817336,18.93612480034016
2023-08-18,19.185331,19.16203,17.81805,18.90574425524959,19.11540586175749
2023-08-19,19.263313,19.042799,17.990091,19.14158742377001,19.180484103024686
2023-08-20,19.193085,19.007006,18.044207,19.18689379656948,19.212239619529992
2023-08-21,19.140022,19.119942,18.23282,19.168026731486655,19.321166955984438
2023-08-22,19.133968,19.103096,18.663084,19.225835767287197,19.41459327282733
2023-08-23,19.133131,18.975138,18.912601,19.22874530912786,19.45491293713899
2023-08-24,19.160217,18.780687,18.989965,19.236029929763163,19.451296301198578
2023-08-25,19.16203,18.678865,19.185331,19.25417029701089,19.364541456705506
2023-08-26,19.042799,18.862524,19.263313,19.217622329687483,19.301959558404075
2023-08-27,19.007006,18.96929,19.193085,19.12518435181531,19.235634293959766
2023-08-28,19.119942,18.958853,19.140022,19.146298898118268,19.22817342301435
2023-08-29,19.103096,18.87632,19.133968,19.18003504502043,19.25777733779734
2023-08-30,18.975138,18.855457,19.133131,19.064333825146946,19.235658491741656
2023-08-31,18.780687,18.891718,19.160217,18.971989274458018,19.176294168524212
2023-09-01,18.678865,18.99774,19.16203,18.766748176515797,18.976470314685848
2023-09-02,18.862524,19.141731,19.042799,18.757823175595487,18.97510592028379
2023-09-03,18.96929,19.156124,19.007006,18.972205313934946,19.29067488876321
2023-09-04,18.958853,19.089817,19.119942,18.949033647645184,19.240914929602702
2023-09-08,18.99774,18.986353,18.678865,19.026391519916256,19.42425896266947
2023-09-09,19.141731,19.11617,18.862524,19.12651433151845,19.212586404949878
2023-09-10,19.156124,19.218496,18.96929,19.21085322339059,19.164633513470907
2023-09-11,19.089817,19.35453,18.958853,19.149472370757113,19.178112323393346
2023-09-12,18.914644,19.350307,18.87632,19.13179133505621,19.129752380442852
2023-09-13,18.751663,19.18476,18.855457,19.04975060970738,19.24122205219145
2023-09-14,18.7429,19.02173,18.891718,19.022538504640327,19.269685040182498
2023-09-15,18.986353,18.916685,18.99774,19.071215013043112,19.215019643792154
2023-09-16,19.11617,18.909092,19.141731,19.205578379868868,19.369710074749566
2023-09-17,19.218496,18.954975,19.156124,19.1478812520281,19.41256825595921
2023-09-18,19.35453,19.012302,19.089817,19.214647153830487,19.41638090046504
2023-09-19,19.350307,19.03845,18.914644,19.33387106289242,19.44082770059424
2023-09-20,19.18476,18.993301,18.751663,19.291333505968655,19.495641268660112
2023-09-21,19.02173,18.81656,18.7429,19.181270859880286,19.473573249327167
2023-09-22,18.916685,18.630816,18.986353,19.100744653296434,19.41946707057565
2023-09-23,18.909092,18.4718,19.11617,19.011561647876434,19.189403063724868
2023-09-24,18.954975,18.30733,19.218496,19.004496229605536,19.1140714870838
2023-09-25,19.012302,18.204014,19.35453,19.015512144813464,19.211621143742743
2023-09-26,19.03845,18.224358,19.350307,19.0653362933416,19.184461226147796
2023-09-27,18.993301,18.309862,19.18476,19.11613083822913,19.122326500441744
2023-10-06,18.74312,18.374483,18.630816,18.612908383816777,18.175462259106283
2023-10-07,18.748165,18.434391,18.4718,18.674413114670664,18.217413657490276
2023-10-08,18.691559,18.501307,18.30733,18.60430371558467,18.205753144571414
2023-10-09,18.644987,18.459564,18.204014,18.59425416849011,18.21977691963358
2023-10-10,18.580055,18.561386,18.224358,18.592696964642965,18.213221143685175
2023-10-11,18.535345,18.676308,18.309862,18.55808855012531,18.157574310498774
2023-10-12,18.422924,18.821869,18.54274,18.560734422482597,18.138982648551902
2023-10-13,18.374483,18.81641,18.74312,18.45623885409476,18.081845302549343
2023-10-14,18.434391,18.812489,18.748165,18.46539824694935,18.082023039324636
2023-10-15,18.501307,18.692188,18.691559,18.538185158621744,18.22840557901292
2023-10-16,18.459564,18.58578,18.644987,18.559299641179084,18.238149273017278
2023-10-17,18.561386,18.436398,18.580055,18.483114112134302,18.26284464706564
2023-10-18,18.676308,18.162235,18.535345,18.59074857144653,18.283281531740045
2023-10-19,18.821869,18.005379,18.422924,18.56831013797988,18.26964719631809
2023-10-20,18.81641,17.931192,18.374483,18.598211736393782,18.33561755635036
2023-10-21,18.812489,17.855274,18.434391,18.51440576303238,18.28391021165788
2023-10-22,18.692188,17.827637,18.501307,18.549373670194125,18.293904895838434
2023-10-23,18.58578,17.814644,18.459564,18.45355569757655,18.257143736790628
2023-10-24,18.436398,17.813807,18.561386,18.42798538254554,18.270781593522063
2023-10-25,18.162235,17.957867,18.676308,18.298629785822932,18.25728566738266
2023-11-01,17.957867,17.736227,18.162235,17.647177718862288,18.267833836859662
2023-11-02,18.03765,17.674438,18.005379,17.761740380447343,18.225615210903282
2023-11-03,17.962223,17.646673,17.931192,17.74117426036369,18.08685477796446
2023-11-04,17.879852,17.636251,17.855274,17.65258197020454,17.982492302099057
2023-11-05,17.946833,17.647087,17.827637,17.6456098502949,17.961451510548997
2023-11-06,17.955103,17.576721,17.814644,17.7410769628983,17.880210570493507
2023-11-07,17.854689,17.524862,17.813807,17.70203514227638,17.860352691955757
2023-11-09,17.674438,17.456284,18.03765,17.57490821975962,17.689358847488574
2023-11-10,17.646673,17.447258,17.962223,17.550380902730968,17.529440686151638
2023-11-11,17.636251,17.466812,17.879852,17.520580727014085,17.361298160768754
2023-11-12,17.647087,17.460056,17.946833,17.480726121503288,17.298271637922188
2023-11-13,17.576721,17.470617,17.955103,17.46858940129782,17.30868508112434
2023-11-14,17.524862,17.458727,17.854689,17.378402682386067,17.33986793100878
2023-11-15,17.518553,17.46774,17.736227,17.33321269676504,17.262558764157173
2023-11-16,17.456284,17.249783,17.674438,17.310236633638723,17.280327426349718
2023-11-17,17.447258,17.09492,17.646673,17.231217529888937,17.295504259004957
2023-11-18,17.466812,16.996916,17.636251,17.244296253300377,17.202529151171856
2023-11-19,17.460056,16.92743,17.647087,17.20879770735668,17.258969169031538
2023-11-20,17.470617,16.923107,17.576721,17.164352783331676,17.196249454376645
2023-11-21,17.458727,16.919907,17.524862,17.17778349662811,17.208435002398208
2023-11-22,17.46774,16.866743,17.518553,17.151461273285747,17.085292611511516
2023-11-23,17.249783,16.83774,17.456284,17.160741788411705,17.077726605813623
2023-11-24,17.09492,16.764633,17.447258,16.90711571667845,16.689684202790815
2023-11-25,16.996916,16.675056,17.466812,16.84454874802422,16.57722678180586
2023-11-26,16.92743,16.651329,17.460056,16.741858904721976,16.432097902981774
2023-11-27,16.923107,16.686157,17.470617,16.66357649932732,16.37891656321932
2023-11-28,16.919907,16.685448,17.458727,16.647276120429034,16.375648626456083
2023-11-29,16.866743,16.610275,17.46774,16.59077074735302,16.376096191155874
2023-11-30,16.83774,16.514435,17.249783,16.551804573621794,16.34653374438554
2023-12-01,16.764633,16.385618,17.09492,16.502772079156053,16.315421375982833
2023-12-02,16.675056,16.294529,16.996916,16.417688869984772,16.317063955947415
2023-12-03,16.651329,16.207499,16.92743,16.339601226914922,16.278792991490402
2023-12-04,16.686157,16.085388,16.923107,16.313694406991345,16.2719425524135
2023-12-05,16.685448,16.016651,16.919907,16.311447117257384,16.261330564934415
2023-12-06,16.610275,16.080402,16.866743,16.263305824032965,16.207983354439477
2023-12-07,16.514435,16.109804,16.83774,16.214772723666716,16.19198145690434
2023-12-08,16.385618,16.227316,16.764633,16.171042949044374,16.12078765444033
2023-12-09,16.294529,16.423073,16.675056,16.076023695055348,15.937701514928552
2023-12-10,16.207499,16.452454,16.651329,16.01691581126743,15.884765513138364
2023-12-11,16.085388,16.41469,16.686157,15.909477111014356,15.794286939106735
2023-12-12,16.016651,16.331064,16.685448,15.777044803229355,15.614925924460836
2023-12-13,16.080402,16.28484,16.610275,15.73399101508379,15.510603021275893
2023-12-14,16.109804,16.24086,16.514435,15.78135973512685,15.441484879871462
2023-12-15,16.227316,16.211811,16.385618,15.755175625207134,15.460369099684952
2023-12-16,16.423073,16.217844,16.294529,15.8634170166831,15.68503757696777
2023-12-17,16.452454,16.155148,16.207499,15.967965514392532,15.698038045427996
2023-12-18,16.41469,16.144623,16.085388,15.889337705154087,15.775939024755901
2023-12-19,16.331064,16.15852,16.016651,15.876379115301928,15.754047956848696
2023-12-20,16.28484,16.13813,16.080402,15.832912055012573,15.727052795621491
2023-12-21,16.24086,16.08289,16.109804,15.836481302727023,15.735633290173709
2023-12-22,16.211811,16.054344,16.227316,15.804289133409213,15.719318164540294
2023-12-23,16.217844,16.022453,16.423073,15.76249652452429,15.768797811602374
2023-12-24,16.155148,16.003199,16.452454,15.762168916618183,15.816323671662094
2023-12-25,16.144623,15.98781,16.41469,15.693983631531397,15.682028650166295
2023-12-26,16.15852,15.958979,16.331064,15.720961654628042,15.63044948193888
2023-12-27,16.13813,15.909817,16.28484,15.702149654139884,15.765661936814771
2023-12-28,16.08289,15.816697,16.24086,15.651447989467195,15.641516666568059
2023-12-29,16.054344,15.71227,16.211811,15.57157450900854,15.568816031177409
2023-12-30,16.022453,15.648532,16.217844,15.512610241843404,15.567307756682345
2023-12-31,16.003199,15.531651,16.155148,15.465092367589127,15.559385239647426
2024-01-01,15.98781,15.411422,16.144623,15.94028433908007,15.564572469035378
2024-01-02,15.958979,15.298487,16.15852,15.919452306420997,15.565577983839985
2024-01-03,15.909817,15.176078,16.13813,15.893148363521053,15.550935706669879
2024-01-04,15.816697,15.09751,16.08289,15.858557656113499,15.515234215738303
2024-01-05,15.71227,15.075906,16.054344,15.776907432856177,15.492599109194883
2024-01-06,15.648532,15.012591,16.022453,15.6911063630131,15.476756415900194
2024-01-07,15.531651,14.949128,16.003199,15.648702786893159,15.488102834729565
2024-01-08,15.411422,14.92618,15.98781,15.51918656568311,15.230555314119977
2024-01-09,15.298487,14.985412,15.958979,15.420558664867919,15.17104841671707
2024-01-10,15.176078,14.988383,15.909817,15.326797329816438,15.172760368530067
2024-01-11,15.09751,14.942224,15.816697,15.235334333588913,15.177939844323804
2024-01-12,15.075906,15.002775,15.71227,15.193277367823766,15.187767731345918
2024-01-17,14.988383,15.102993,15.176078,15.113623195033561,15.11464740961369
2024-01-18,14.942224,15.118301,15.09751,15.082478890900655,15.031052005978093
2024-01-19,15.002775,15.266858,15.075906,15.056705512030982,14.973579547739591
2024-01-20,15.1133375,15.466617,15.012591,15.145398157580754,14.963840689711157
2024-01-21,15.0705385,15.60274,14.949128,15.208153302061074,15.040137055313089
2024-01-22,15.006939,15.698475,14.92618,15.131129444131293,14.938702409701024
2024-01-23,15.069748,15.6444845,14.985412,15.128589771646805,14.856774773682188
2024-01-24,15.102993,15.540366,14.988383,15.227851956899825,14.870377413724725
2024-01-25,15.118301,15.372879,14.942224,15.214580963524172,14.91107759524909
2024-01-26,15.266858,15.282454,15.002775,15.21756186099081,14.933864398900859
2024-01-27,15.466617,15.258807,15.1133375,15.341649798241589,15.023902436457625
2024-01-28,15.60274,15.234678,15.0705385,15.438468423552198,15.022400331573314
2024-01-29,15.698475,15.243957,15.006939,15.479937232377878,15.260465146141597
2024-01-30,15.6444845,15.210069,15.069748,15.519166613480227,15.219491915878592
2024-01-31,15.540366,15.153841,15.102993,15.458204983477165,15.215564661161709
2024-02-01,15.372879,15.067363,15.118301,15.401582151118703,15.14558181161988
2024-02-02,15.282454,15.001411,15.266858,15.273410300384208,15.061660211348947
2024-02-03,15.258807,14.969025,15.466617,15.219835007779363,15.093971556558797
2024-02-04,15.234678,15.002797,15.60274,15.188948396485184,15.13527381387087
2024-02-05,15.243957,15.0382805,15.698475,15.144590652226993,15.131509318856697
2024-02-06,15.210069,15.028887,15.6444845,15.143841374381003,15.133611353267781
2024-02-07,15.153841,15.035194,15.540366,15.094774667718859,15.050885549952836
2024-02-08,15.067363,15.112121,15.372879,15.074177975236326,15.041008111575326
2024-02-09,15.001411,15.129059,15.282454,14.987571196411189,15.058002468065087
2024-02-10,14.969025,15.135917,15.258807,14.912654092727784,15.101085783595924
2024-02-11,15.002797,15.125445,15.234678,14.867014676545818,15.100700686743066
2024-02-12,15.0382805,15.136538,15.243957,14.877691635140595,15.13390819674704
2024-02-13,15.028887,15.12781,15.210069,14.897998719654945,15.1450972978594
2024-02-14,15.035194,15.156122,15.153841,14.907726850530379,15.014620155692347
2024-02-15,15.112121,15.161169,15.067363,14.970986865051117,14.97993722733768
2024-02-16,15.129059,15.234265,15.001411,15.058533880213632,15.001703070735909
2024-02-17,15.135917,15.3366165,14.969025,15.03971445805034,15.002032456806774
2024-02-18,15.125445,15.3493,15.002797,15.06314785691812,14.99147879328678
2024-02-19,15.136538,15.301869,15.0382805,15.059388920445596,14.972771365705775
2024-02-20,15.12781,15.271938,15.028887,15.091555509179281,14.974267058800628
2024-02-21,15.156122,15.285916,15.035194,15.093940990761006,14.980837688783826
2024-02-22,15.161169,15.407661,15.112121,15.154169430691006,14.960805300048838
2024-02-23,15.234265,15.416031,15.129059,15.156833194072478,14.965229406047513
2024-02-24,15.3366165,15.3970175,15.135917,15.235273364181724,14.990867679785309
2024-02-25,15.3493,15.345997,15.125445,15.284538696271936,15.045954638027967
2024-02-26,15.301869,15.3079,15.136538,15.253481431685726,14.998179064102079
2024-02-27,15.271938,15.271444,15.12781,15.238683403738266,14.971603682933225
2024-02-28,15.285916,15.104908,15.156122,15.251682450238034,14.962044532129493
2024-03-01,15.407661,14.920493,15.161169,15.22191396782819,14.97765370187862
2024-03-02,15.416031,14.8929,15.234265,15.300025578655234,15.068101956663453
2024-03-03,15.3970175,15.001169,15.3366165,15.232848926941518,15.08496320594885
2024-03-04,15.345997,15.039231,15.3493,15.242808896832585,15.1059087380845
2024-03-05,15.3079,15.026009,15.301869,15.214056577807643,15.120284518049157
2024-03-06,15.271444,15.001675,15.271938,15.21440672669052,15.128588858199691
2024-03-07,15.104908,15.007397,15.285916,15.193453494643467,15.128146394536946
2024-03-08,14.920493,15.077303,15.407661,15.028172145220033,15.097434197976678
2024-03-09,14.8929,15.1838875,15.416031,14.905458307854541,15.046097772255088
2024-03-10,15.001169,15.210791,15.3970175,14.917827366664227,15.065963145944544
2024-03-11,15.039231,15.184875,15.345997,14.992851736925385,15.123897584097167
2024-03-12,15.026009,15.172901,15.3079,14.974351902046184,15.143105067711826
2024-03-13,15.001675,15.191984,15.271444,14.982765327101434,15.127134702350574
2024-03-14,15.007397,15.224587,15.104908,15.002663691074218,15.111166045794219
2024-03-15,15.077303,15.212696,14.920493,15.021841330342061,15.060185295709546
2024-03-16,15.1838875,15.1506195,14.8929,15.086378606327273,15.104151141598935
2024-03-17,15.210791,15.075528,15.001169,15.14846297106801,15.130409839659457
2024-03-18,15.184875,14.964702,15.039231,15.13921361343714,15.118905956796047
2024-03-19,15.172901,14.87868,15.026009,15.145463064359523,15.109887213083761
2024-03-20,15.191984,14.838359,15.001675,15.178949328207112,15.092433491649757
2024-03-21,15.224587,14.842911,15.007397,15.24523705437156,15.076740081216498
2024-03-22,15.212696,14.845079,15.077303,15.308600961015172,15.034783048009116
2024-03-23,15.1506195,14.817753,15.1838875,15.295023925478116,15.035183221614762
2024-03-24,15.075528,14.720803,15.210791,15.23304982638916,15.025575057226202
2024-08-19,18.417763,18.946365,17.236721,18.373283818776834,18.605850967472215
2024-08-20,18.583338,18.876192,17.400627,18.498182113638194,18.537955947265853
2024-08-21,18.604656,18.770802,17.504633,18.58966071899038,18.50798646386658
2024-08-22,18.526651,18.755,17.659231,18.602877626850223,18.41466072073353
2024-08-23,18.594633,18.730846,17.746971,18.647717548555242,18.42217573264952
2024-08-24,18.782017,18.69829,17.922466,18.796474410104203,18.581934684395545
2024-08-25,18.913656,18.688635,18.178085,18.915207689125474,18.56462435563791
2024-08-26,18.946365,18.746925,18.417763,18.987649312200016,18.731442461071573
2024-08-27,18.876192,18.715837,18.583338,18.965561692748096,18.78843911752887
2024-08-28,18.770802,18.812613,18.604656,18.918329229563987,18.868403967962777
2024-08-31,18.69829,18.938713,18.782017,18.857339575076647,18.924261837852413
2024-09-01,18.688635,19.043144,18.913656,18.73538744200022,18.84547346740641
2024-09-02,18.746925,19.064198,18.946365,18.696311923647997,18.84905751199685
2024-09-03,18.715837,19.013063,18.876192,18.743144902546018,18.797871796146385
2024-09-04,18.812613,18.840229,18.770802,18.706099775841995,18.834704014853926
2024-09-05,18.92976,18.637648,18.755,18.845340977975336,18.85298237354259
2024-09-08,19.043144,18.364851,18.688635,18.79734584343803,19.054250374156766
2024-09-09,19.064198,18.320757,18.746925,18.953932930214698,18.895267966810344
2024-09-10,19.013063,18.286089,18.715837,18.939060858871873,18.878839523657575
2024-09-11,18.840229,18.34789,18.812613,18.9410126369297,18.88335541864291
2024-09-12,18.637648,18.392569,18.92976,18.825349718947148,19.0964131115581
