date,sst,year,month,oni,enso_phase
1982-01-01,14.045085048387095,1982,1,-0.05,Neutral
1982-02-01,13.897721803571429,1982,2,0.07,Neutral
1982-03-01,13.945115677419356,1982,3,0.19,Neutral
1982-04-01,14.433332233333333,1982,4,0.47,Neutral
1982-05-01,14.463608403225807,1982,5,0.66,El Niño
1982-06-01,15.064351266666668,1982,6,0.72,El Niño
1982-07-01,16.264917080645162,1982,7,0.79,El Niño
1982-08-01,17.032812677419354,1982,8,1.07,El Niño
1982-09-01,17.7927666,1982,9,1.58,El Niño
1982-10-01,17.58777264516129,1982,10,1.97,El Niño
1982-11-01,16.883009033333334,1982,11,2.18,El Niño
1982-12-01,15.574231387096775,1982,12,2.23,El Niño
1983-01-01,15.096394951612904,1983,1,2.18,El Niño
1983-02-01,15.116136874999999,1983,2,1.92,El Niño
1983-03-01,14.99969341935484,1983,3,1.54,El Niño
1983-04-01,14.785193399999999,1983,4,1.29,El Niño
1983-05-01,15.103043709677419,1983,5,1.06,El Niño
1983-06-01,15.604128900000001,1983,6,0.72,El Niño
1983-07-01,16.85973535483871,1983,7,0.31,Neutral
1983-08-01,18.407975387096776,1983,8,-0.08,Neutral
1983-09-01,19.1908485,1983,9,-0.46,Neutral
1983-10-01,18.969613258064516,1983,10,-0.81,La Niña
1983-11-01,17.97781696666667,1983,11,-1.0,La Niña
1983-12-01,15.694634161290322,1983,12,-0.91,La Niña
1984-01-01,14.883418241935484,1984,1,-0.6,La Niña
1984-02-01,14.704531448275862,1984,2,-0.42,Neutral
1984-03-01,14.685247177419354,1984,3,-0.34,Neutral
1984-04-01,14.181856383333333,1984,4,-0.43,Neutral
1984-05-01,14.564370822580646,1984,5,-0.51,La Niña
1984-06-01,15.1235528,1984,6,-0.45,Neutral
1984-07-01,17.108406467741936,1984,7,-0.3,Neutral
1984-08-01,18.13335993548387,1984,8,-0.16,Neutral
1984-09-01,18.780252466666663,1984,9,-0.24,Neutral
1984-10-01,17.76599587096774,1984,10,-0.56,La Niña
1984-11-01,16.150537800000002,1984,11,-0.92,La Niña
1984-12-01,14.834429419354839,1984,12,-1.14,La Niña
1985-01-01,14.007715532258064,1985,1,-1.04,La Niña
1985-02-01,13.497500178571428,1985,2,-0.85,La Niña
1985-03-01,13.382309741935485,1985,3,-0.77,La Niña
1985-04-01,13.697258666666666,1985,4,-0.78,La Niña
1985-05-01,14.274216951612903,1985,5,-0.78,La Niña
1985-06-01,15.703409599999999,1985,6,-0.63,La Niña
1985-07-01,17.1525485483871,1985,7,-0.49,Neutral
1985-08-01,17.944568161290324,1985,8,-0.46,Neutral
1985-09-01,18.095256199999998,1985,9,-0.4,Neutral
1985-10-01,17.560356387096775,1985,10,-0.35,Neutral
1985-11-01,15.411898516666668,1985,11,-0.27,Neutral
1985-12-01,14.395579322580646,1985,12,-0.36,Neutral
1986-01-01,14.544379177419355,1986,1,-0.49,Neutral
1986-02-01,14.568946446428571,1986,2,-0.47,Neutral
1986-03-01,14.840628870967741,1986,3,-0.31,Neutral
1986-04-01,14.600244333333334,1986,4,-0.2,Neutral
1986-05-01,14.795393451612902,1986,5,-0.12,Neutral
1986-06-01,16.064846966666668,1986,6,-0.04,Neutral
1986-07-01,16.952016225806453,1986,7,0.22,Neutral
1986-08-01,17.375682322580648,1986,8,0.44,Neutral
1986-09-01,17.469248866666664,1986,9,0.71,El Niño
1986-10-01,17.113212806451614,1986,10,0.94,El Niño
1986-11-01,16.238572933333334,1986,11,1.14,El Niño
1986-12-01,15.448171354838712,1986,12,1.22,El Niño
1987-01-01,14.439239564516129,1987,1,1.23,El Niño
1987-02-01,14.154848214285716,1987,2,1.19,El Niño
1987-03-01,14.096100903225807,1987,3,1.06,El Niño
1987-04-01,14.3726891,1987,4,0.95,El Niño
1987-05-01,14.994065903225806,1987,5,0.97,El Niño
1987-06-01,15.300221033333335,1987,6,1.22,El Niño
1987-07-01,16.328367870967742,1987,7,1.51,El Niño
1987-08-01,17.62250170967742,1987,8,1.7,El Niño
1987-09-01,17.850663666666666,1987,9,1.65,El Niño
1987-10-01,17.851035612903228,1987,10,1.48,El Niño
1987-11-01,17.0171018,1987,11,1.25,El Niño
1987-12-01,15.057452290322582,1987,12,1.11,El Niño
1988-01-01,13.577894,1988,1,0.81,El Niño
1988-02-01,13.632391896551724,1988,2,0.54,El Niño
1988-03-01,13.833202387096774,1988,3,0.14,Neutral
1988-04-01,14.395986033333333,1988,4,-0.31,Neutral
1988-05-01,14.661784370967741,1988,5,-0.88,La Niña
1988-06-01,15.488502966666665,1988,6,-1.3,La Niña
1988-07-01,16.426789870967742,1988,7,-1.3,La Niña
1988-08-01,17.79067490322581,1988,8,-1.11,La Niña
1988-09-01,17.1801372,1988,9,-1.19,La Niña
1988-10-01,17.028688161290322,1988,10,-1.48,La Niña
1988-11-01,15.942737099999999,1988,11,-1.8,La Niña
1988-12-01,14.43680664516129,1988,12,-1.85,La Niña
1989-01-01,13.042473580645161,1989,1,-1.69,La Niña
1989-02-01,12.769,1989,2,-1.43,La Niña
1989-03-01,13.38485827419355,1989,3,-1.08,La Niña
1989-04-01,14.893532783333335,1989,4,-0.83,La Niña
1989-05-01,15.246166725806452,1989,5,-0.58,La Niña
1989-06-01,15.612031066666667,1989,6,-0.4,Neutral
1989-07-01,16.74477574193548,1989,7,-0.31,Neutral
1989-08-01,17.211107,1989,8,-0.27,Neutral
1989-09-01,17.49315196666667,1989,9,-0.24,Neutral
1989-10-01,17.379235,1989,10,-0.22,Neutral
1989-11-01,16.621384266666666,1989,11,-0.16,Neutral
1989-12-01,15.897956322580644,1989,12,-0.05,Neutral
1990-01-01,14.56709706451613,1990,1,0.14,Neutral
1990-02-01,13.469116267857144,1990,2,0.21,Neutral
1990-03-01,13.530514467741934,1990,3,0.28,Neutral
1990-04-01,14.461297333333334,1990,4,0.29,Neutral
1990-05-01,14.792436161290322,1990,5,0.29,Neutral
1990-06-01,15.80352495,1990,6,0.31,Neutral
1990-07-01,17.435668774193548,1990,7,0.33,Neutral
1990-08-01,18.107737612903225,1990,8,0.38,Neutral
1990-09-01,18.90067003333333,1990,9,0.39,Neutral
1990-10-01,18.04997364516129,1990,10,0.35,Neutral
1990-11-01,16.534862166666667,1990,11,0.4,Neutral
1990-12-01,14.799600483870968,1990,12,0.41,Neutral
1991-01-01,13.89692385483871,1991,1,0.41,Neutral
1991-02-01,13.964972196428572,1991,2,0.26,Neutral
1991-03-01,13.784825596774192,1991,3,0.22,Neutral
1991-04-01,13.725144933333333,1991,4,0.26,Neutral
1991-05-01,13.744618693548388,1991,5,0.45,Neutral
1991-06-01,14.31446305,1991,6,0.64,El Niño
1991-07-01,15.852341741935485,1991,7,0.73,El Niño
1991-08-01,17.082343709677417,1991,8,0.64,El Niño
1991-09-01,17.2437949,1991,9,0.62,El Niño
1991-10-01,17.266370032258063,1991,10,0.79,El Niño
1991-11-01,15.8032533,1991,11,1.21,El Niño
1991-12-01,14.179803032258064,1991,12,1.53,El Niño
1992-01-01,13.734492548387097,1992,1,1.71,El Niño
1992-02-01,14.440817172413794,1992,2,1.63,El Niño
1992-03-01,14.975958080645162,1992,3,1.48,El Niño
1992-04-01,15.555715883333333,1992,4,1.29,El Niño
1992-05-01,16.442623258064515,1992,5,1.06,El Niño
1992-06-01,16.598760133333332,1992,6,0.73,El Niño
1992-07-01,18.114681806451614,1992,7,0.37,Neutral
1992-08-01,18.142268806451614,1992,8,0.09,Neutral
1992-09-01,18.343144066666664,1992,9,-0.13,Neutral
1992-10-01,18.358102774193547,1992,10,-0.25,Neutral
1992-11-01,17.402327833333334,1992,11,-0.28,Neutral
1992-12-01,15.527279790322579,1992,12,-0.13,Neutral
1993-01-01,14.321006048387098,1993,1,0.09,Neutral
1993-02-01,14.413004875,1993,2,0.3,Neutral
1993-03-01,14.626505306451614,1993,3,0.5,El Niño
1993-04-01,14.913988866666667,1993,4,0.67,El Niño
1993-05-01,15.821667870967742,1993,5,0.7,El Niño
1993-06-01,16.89405633333333,1993,6,0.57,El Niño
1993-07-01,17.108653903225807,1993,7,0.32,Neutral
1993-08-01,17.587360032258065,1993,8,0.25,Neutral
1993-09-01,17.42411226666667,1993,9,0.15,Neutral
1993-10-01,17.700291548387096,1993,10,0.1,Neutral
1993-11-01,16.829544333333335,1993,11,0.04,Neutral
1993-12-01,15.440486629032257,1993,12,0.06,Neutral
1994-01-01,14.785154516129031,1994,1,0.06,Neutral
1994-02-01,14.388799982142856,1994,2,0.07,Neutral
1994-03-01,14.66515264516129,1994,3,0.17,Neutral
1994-04-01,14.63224885,1994,4,0.31,Neutral
1994-05-01,14.867464516129031,1994,5,0.42,Neutral
1994-06-01,15.406339066666668,1994,6,0.41,Neutral
1994-07-01,16.282690387096775,1994,7,0.44,Neutral
1994-08-01,17.711204612903224,1994,8,0.43,Neutral
1994-09-01,18.05914153333333,1994,9,0.55,El Niño
1994-10-01,17.48836306451613,1994,10,0.74,El Niño
1994-11-01,15.752225316666665,1994,11,1.01,El Niño
1994-12-01,14.58800656451613,1994,12,1.09,El Niño
1995-01-01,14.193451580645162,1995,1,0.96,El Niño
1995-02-01,14.615296107142857,1995,2,0.72,El Niño
1995-03-01,15.137720822580645,1995,3,0.53,El Niño
1995-04-01,14.681976466666667,1995,4,0.3,Neutral
1995-05-01,14.938292451612902,1995,5,0.14,Neutral
1995-06-01,15.267321016666667,1995,6,-0.03,Neutral
1995-07-01,17.230862258064516,1995,7,-0.24,Neutral
1995-08-01,17.633915774193547,1995,8,-0.54,La Niña
1995-09-01,18.0535663,1995,9,-0.81,La Niña
1995-10-01,17.649532935483872,1995,10,-0.97,La Niña
1995-11-01,16.617415866666665,1995,11,-1.0,La Niña
1995-12-01,15.934019548387097,1995,12,-0.98,La Niña
1996-01-01,14.98533577419355,1996,1,-0.9,La Niña
1996-02-01,14.95631574137931,1996,2,-0.75,La Niña
1996-03-01,14.808573919354838,1996,3,-0.59,La Niña
1996-04-01,15.146990033333333,1996,4,-0.39,Neutral
1996-05-01,15.724174677419354,1996,5,-0.31,Neutral
1996-06-01,15.6752936,1996,6,-0.3,Neutral
1996-07-01,16.74057535483871,1996,7,-0.27,Neutral
1996-08-01,17.51446935483871,1996,8,-0.32,Neutral
1996-09-01,17.670710466666666,1996,9,-0.35,Neutral
1996-10-01,16.70431696774194,1996,10,-0.4,Neutral
1996-11-01,15.653055983333333,1996,11,-0.45,Neutral
1996-12-01,14.951404241935485,1996,12,-0.49,Neutral
1997-01-01,14.58260941935484,1997,1,-0.5,La Niña
1997-02-01,14.315908803571428,1997,2,-0.36,Neutral
1997-03-01,14.093138516129033,1997,3,-0.1,Neutral
1997-04-01,14.33422575,1997,4,0.28,Neutral
1997-05-01,16.006807758064518,1997,5,0.75,El Niño
1997-06-01,16.6626697,1997,6,1.22,El Niño
1997-07-01,17.51065635483871,1997,7,1.6,El Niño
1997-08-01,18.995809,1997,8,1.9,El Niño
1997-09-01,19.643278300000002,1997,9,2.14,El Niño
1997-10-01,18.59045141935484,1997,10,2.33,El Niño
1997-11-01,17.973547033333332,1997,11,2.4,El Niño
1997-12-01,16.40585170967742,1997,12,2.39,El Niño
1998-01-01,15.717276451612904,1998,1,2.24,El Niño
1998-02-01,15.236159125,1998,2,1.93,El Niño
1998-03-01,14.76701020967742,1998,3,1.44,El Niño
1998-04-01,14.6553605,1998,4,0.99,El Niño
1998-05-01,15.440962822580646,1998,5,0.45,Neutral
1998-06-01,16.557882566666667,1998,6,-0.13,Neutral
1998-07-01,17.083149806451612,1998,7,-0.78,La Niña
1998-08-01,17.95343083870968,1998,8,-1.12,La Niña
1998-09-01,18.137876733333332,1998,9,-1.31,La Niña
1998-10-01,17.197736677419353,1998,10,-1.35,La Niña
1998-11-01,15.896605916666665,1998,11,-1.48,La Niña
1998-12-01,14.078816693548386,1998,12,-1.57,La Niña
1999-01-01,13.535426322580644,1999,1,-1.55,La Niña
1999-02-01,13.237364053571428,1999,2,-1.3,La Niña
1999-03-01,13.125504645161291,1999,3,-1.07,La Niña
1999-04-01,12.932992116666666,1999,4,-0.98,La Niña
1999-05-01,13.290205306451615,1999,5,-1.02,La Niña
1999-06-01,14.138845866666665,1999,6,-1.04,La Niña
1999-07-01,15.67619606451613,1999,7,-1.1,La Niña
1999-08-01,16.98139648387097,1999,8,-1.11,La Niña
1999-09-01,17.211955566666667,1999,9,-1.16,La Niña
1999-10-01,16.990391677419353,1999,10,-1.26,La Niña
1999-11-01,16.121559866666665,1999,11,-1.46,La Niña
1999-12-01,14.475933322580646,1999,12,-1.65,La Niña
2000-01-01,13.716431193548386,2000,1,-1.66,La Niña
2000-02-01,14.035455551724137,2000,2,-1.41,La Niña
2000-03-01,13.748774403225807,2000,3,-1.07,La Niña
2000-04-01,14.463034516666665,2000,4,-0.81,La Niña
2000-05-01,14.98616870967742,2000,5,-0.71,La Niña
2000-06-01,15.918790366666666,2000,6,-0.64,La Niña
2000-07-01,16.557958419354836,2000,7,-0.55,La Niña
2000-08-01,17.25508406451613,2000,8,-0.51,La Niña
2000-09-01,17.699323766666666,2000,9,-0.55,La Niña
2000-10-01,17.042752451612905,2000,10,-0.63,La Niña
2000-11-01,15.233755666666667,2000,11,-0.75,La Niña
2000-12-01,14.800243338709677,2000,12,-0.74,La Niña
2001-01-01,13.895484225806452,2001,1,-0.68,La Niña
2001-02-01,13.565365607142857,2001,2,-0.52,La Niña
2001-03-01,13.393153467741934,2001,3,-0.44,Neutral
2001-04-01,13.296542283333334,2001,4,-0.34,Neutral
2001-05-01,14.614942387096775,2001,5,-0.25,Neutral
2001-06-01,15.684913283333334,2001,6,-0.12,Neutral
2001-07-01,16.984416580645163,2001,7,-0.08,Neutral
2001-08-01,17.13816277419355,2001,8,-0.13,Neutral
2001-09-01,17.337315666666665,2001,9,-0.19,Neutral
2001-10-01,16.90509890322581,2001,10,-0.29,Neutral
2001-11-01,16.177423133333335,2001,11,-0.35,Neutral
2001-12-01,14.606127612903226,2001,12,-0.31,Neutral
2002-01-01,13.88649970967742,2002,1,-0.15,Neutral
2002-02-01,13.255084642857144,2002,2,0.03,Neutral
2002-03-01,13.369168403225805,2002,3,0.09,Neutral
2002-04-01,13.778779266666668,2002,4,0.2,Neutral
2002-05-01,13.886938387096775,2002,5,0.43,Neutral
2002-06-01,14.773250266666667,2002,6,0.65,El Niño
2002-07-01,16.133788225806452,2002,7,0.79,El Niño
2002-08-01,16.94666958064516,2002,8,0.86,El Niño
2002-09-01,17.279099,2002,9,1.01,El Niño
2002-10-01,16.84362912903226,2002,10,1.21,El Niño
2002-11-01,15.963090266666665,2002,11,1.31,El Niño
2002-12-01,15.303655741935483,2002,12,1.14,El Niño
2003-01-01,14.82331435483871,2003,1,0.92,El Niño
2003-02-01,14.543749517857142,2003,2,0.63,El Niño
2003-03-01,14.331470403225806,2003,3,0.38,Neutral
2003-04-01,14.35749195,2003,4,-0.04,Neutral
2003-05-01,14.56891656451613,2003,5,-0.26,Neutral
2003-06-01,15.383875733333333,2003,6,-0.16,Neutral
2003-07-01,16.653743387096775,2003,7,0.08,Neutral
2003-08-01,18.425241096774194,2003,8,0.21,Neutral
2003-09-01,18.317738566666666,2003,9,0.26,Neutral
2003-10-01,17.34874680645161,2003,10,0.29,Neutral
2003-11-01,16.426352633333334,2003,11,0.35,Neutral
2003-12-01,15.055847612903225,2003,12,0.35,Neutral
2004-01-01,14.397767580645162,2004,1,0.37,Neutral
2004-02-01,13.635981931034484,2004,2,0.31,Neutral
2004-03-01,13.718471500000001,2004,3,0.23,Neutral
2004-04-01,14.153263033333333,2004,4,0.17,Neutral
2004-05-01,15.326660193548387,2004,5,0.17,Neutral
2004-06-01,15.379071316666666,2004,6,0.28,Neutral
2004-07-01,16.88977983870968,2004,7,0.47,Neutral
2004-08-01,18.037005645161294,2004,8,0.64,El Niño
2004-09-01,18.282525266666667,2004,9,0.7,El Niño
2004-10-01,17.50549093548387,2004,10,0.67,El Niño
2004-11-01,16.099107283333332,2004,11,0.66,El Niño
2004-12-01,14.633349129032258,2004,12,0.69,El Niño
2005-01-01,14.285831225806453,2005,1,0.64,El Niño
2005-02-01,14.100516964285715,2005,2,0.58,El Niño
2005-03-01,14.675285741935484,2005,3,0.45,Neutral
2005-04-01,14.470902533333334,2005,4,0.43,Neutral
2005-05-01,16.010592177419355,2005,5,0.29,Neutral
2005-06-01,15.8932159,2005,6,0.11,Neutral
2005-07-01,16.721905838709677,2005,7,-0.06,Neutral
2005-08-01,17.78458041935484,2005,8,-0.14,Neutral
2005-09-01,17.357056133333334,2005,9,-0.11,Neutral
2005-10-01,16.633231645161292,2005,10,-0.29,Neutral
2005-11-01,16.086950283333334,2005,11,-0.57,La Niña
2005-12-01,15.101343177419356,2005,12,-0.84,La Niña
2006-01-01,14.494695693548389,2006,1,-0.85,La Niña
2006-02-01,14.140116696428572,2006,2,-0.77,La Niña
2006-03-01,13.767135048387097,2006,3,-0.57,La Niña
2006-04-01,14.27695035,2006,4,-0.37,Neutral
2006-05-01,14.794748483870968,2006,5,-0.14,Neutral
2006-06-01,15.843323866666667,2006,6,-0.03,Neutral
2006-07-01,17.000227032258064,2006,7,0.1,Neutral
2006-08-01,18.182646193548386,2006,8,0.3,Neutral
2006-09-01,17.483727366666663,2006,9,0.54,El Niño
2006-10-01,17.32537135483871,2006,10,0.77,El Niño
2006-11-01,16.3799806,2006,11,0.94,El Niño
2006-12-01,15.044412629032259,2006,12,0.94,El Niño
2007-01-01,13.611349661290323,2007,1,0.66,El Niño
2007-02-01,13.605319214285714,2007,2,0.22,Neutral
2007-03-01,13.517143870967741,2007,3,-0.12,Neutral
2007-04-01,13.673762616666666,2007,4,-0.32,Neutral
2007-05-01,14.220099338709678,2007,5,-0.38,Neutral
2007-06-01,15.0946033,2007,6,-0.47,Neutral
2007-07-01,16.979917161290324,2007,7,-0.56,La Niña
2007-08-01,17.727998967741932,2007,8,-0.81,La Niña
2007-09-01,18.00697596666667,2007,9,-1.07,La Niña
2007-10-01,17.049206838709676,2007,10,-1.34,La Niña
2007-11-01,16.120313200000002,2007,11,-1.5,La Niña
2007-12-01,14.161232,2007,12,-1.6,La Niña
2008-01-01,13.173104,2008,1,-1.64,La Niña
2008-02-01,12.953136413793104,2008,2,-1.52,La Niña
2008-03-01,13.07913329032258,2008,3,-1.29,La Niña
2008-04-01,13.20943065,2008,4,-1.01,La Niña
2008-05-01,13.879745016129032,2008,5,-0.84,La Niña
2008-06-01,14.88601415,2008,6,-0.61,La Niña
2008-07-01,16.64842335483871,2008,7,-0.37,Neutral
2008-08-01,17.56172712903226,2008,8,-0.23,Neutral
2008-09-01,17.61683436666667,2008,9,-0.24,Neutral
2008-10-01,17.02905187096774,2008,10,-0.35,Neutral
2008-11-01,16.06554905,2008,11,-0.55,La Niña
2008-12-01,14.630065048387097,2008,12,-0.73,La Niña
2009-01-01,13.72275577419355,2009,1,-0.85,La Niña
2009-02-01,13.420155178571429,2009,2,-0.79,La Niña
2009-03-01,13.459592403225807,2009,3,-0.61,La Niña
2009-04-01,13.379939466666666,2009,4,-0.33,Neutral
2009-05-01,14.15105320967742,2009,5,0.01,Neutral
2009-06-01,16.370528533333335,2009,6,0.28,Neutral
2009-07-01,16.593041967741936,2009,7,0.45,Neutral
2009-08-01,17.360764096774194,2009,8,0.58,El Niño
2009-09-01,18.000557333333333,2009,9,0.71,El Niño
2009-10-01,17.00385477419355,2009,10,1.01,El Niño
2009-11-01,15.774015883333334,2009,11,1.36,El Niño
2009-12-01,14.426283693548386,2009,12,1.56,El Niño
2010-01-01,14.340966903225807,2010,1,1.5,El Niño
2010-02-01,14.116884767857144,2010,2,1.22,El Niño
2010-03-01,14.202961435483871,2010,3,0.84,El Niño
2010-04-01,14.351193283333334,2010,4,0.35,Neutral
2010-05-01,14.270691951612903,2010,5,-0.17,Neutral
2010-06-01,14.83726585,2010,6,-0.66,La Niña
2010-07-01,16.09225648387097,2010,7,-1.05,La Niña
2010-08-01,16.41816593548387,2010,8,-1.35,La Niña
2010-09-01,16.62549286666667,2010,9,-1.56,La Niña
2010-10-01,16.774891806451613,2010,10,-1.64,La Niña
2010-11-01,15.865576466666665,2010,11,-1.64,La Niña
2010-12-01,14.521989032258066,2010,12,-1.54,La Niña
2011-01-01,13.768058774193548,2011,1,-1.31,La Niña
2011-02-01,13.599403767857142,2011,2,-1.04,La Niña
2011-03-01,13.568375112903224,2011,3,-0.8,La Niña
2011-04-01,13.779680983333332,2011,4,-0.62,La Niña
2011-05-01,14.303420048387098,2011,5,-0.46,Neutral
2011-06-01,14.9453953,2011,6,-0.37,Neutral
2011-07-01,16.316237741935485,2011,7,-0.43,Neutral
2011-08-01,16.808068129032257,2011,8,-0.58,La Niña
2011-09-01,17.2562134,2011,9,-0.79,La Niña
2011-10-01,17.45662180645161,2011,10,-0.96,La Niña
2011-11-01,15.992457483333334,2011,11,-1.02,La Niña
2011-12-01,14.830131161290321,2011,12,-0.92,La Niña
2012-01-01,14.396694435483871,2012,1,-0.72,La Niña
2012-02-01,13.873573,2012,2,-0.57,La Niña
2012-03-01,13.440770516129032,2012,3,-0.46,Neutral
2012-04-01,14.071955866666666,2012,4,-0.36,Neutral
2012-05-01,14.251875274193548,2012,5,-0.17,Neutral
2012-06-01,14.952541266666666,2012,6,0.06,Neutral
2012-07-01,16.04435741935484,2012,7,0.3,Neutral
2012-08-01,16.80054341935484,2012,8,0.41,Neutral
2012-09-01,17.526239999999998,2012,9,0.41,Neutral
2012-10-01,17.66342393548387,2012,10,0.31,Neutral
2012-11-01,16.54979936666667,2012,11,0.13,Neutral
2012-12-01,15.503838499999999,2012,12,-0.1,Neutral
2013-01-01,13.998589403225807,2013,1,-0.29,Neutral
2013-02-01,13.342069714285714,2013,2,-0.29,Neutral
2013-03-01,13.24993272580645,2013,3,-0.21,Neutral
2013-04-01,13.89338165,2013,4,-0.19,Neutral
2013-05-01,14.726435870967743,2013,5,-0.27,Neutral
2013-06-01,15.47583225,2013,6,-0.34,Neutral
2013-07-01,16.823296741935483,2013,7,-0.35,Neutral
2013-08-01,17.015988903225807,2013,8,-0.28,Neutral
2013-09-01,18.061595800000003,2013,9,-0.21,Neutral
2013-10-01,16.691497516129033,2013,10,-0.13,Neutral
2013-11-01,15.72745185,2013,11,-0.1,Neutral
2013-12-01,14.53270270967742,2013,12,-0.15,Neutral
2014-01-01,14.330212322580644,2014,1,-0.28,Neutral
2014-02-01,14.094788160714286,2014,2,-0.32,Neutral
2014-03-01,14.727695548387096,2014,3,-0.14,Neutral
2014-04-01,14.843197866666666,2014,4,0.15,Neutral
2014-05-01,15.731565016129032,2014,5,0.31,Neutral
2014-06-01,16.35931533333333,2014,6,0.23,Neutral
2014-07-01,18.012760225806453,2014,7,0.1,Neutral
2014-08-01,18.868875838709677,2014,8,0.11,Neutral
2014-09-01,19.485223,2014,9,0.28,Neutral
2014-10-01,19.38433851612903,2014,10,0.54,El Niño
2014-11-01,18.236448066666664,2014,11,0.71,El Niño
2014-12-01,17.473560387096775,2014,12,0.77,El Niño
2015-01-01,16.21218470967742,2015,1,0.69,El Niño
2015-02-01,16.114818964285714,2015,2,0.61,El Niño
2015-03-01,16.10869793548387,2015,3,0.65,El Niño
2015-04-01,15.639748583333333,2015,4,0.81,El Niño
2015-05-01,15.590779177419353,2015,5,1.02,El Niño
2015-06-01,16.5957301,2015,6,1.25,El Niño
2015-07-01,18.90894706451613,2015,7,1.57,El Niño
2015-08-01,20.025055741935486,2015,8,1.91,El Niño
2015-09-01,20.2306213,2015,9,2.21,El Niño
2015-10-01,20.07283622580645,2015,10,2.47,El Niño
2015-11-01,17.7165596,2015,11,2.64,El Niño
2015-12-01,16.14335801612903,2015,12,2.75,El Niño
2016-01-01,14.975566064516128,2016,1,2.63,El Niño
2016-02-01,15.216143310344826,2016,2,2.28,El Niño
2016-03-01,15.260535483870967,2016,3,1.71,El Niño
2016-04-01,15.568659366666667,2016,4,1.05,El Niño
2016-05-01,15.632335838709677,2016,5,0.49,Neutral
2016-06-01,16.31305796666667,2016,6,0.0,Neutral
2016-07-01,17.186106290322577,2016,7,-0.31,Neutral
2016-08-01,17.68660312903226,2016,8,-0.5,La Niña
2016-09-01,17.765362633333332,2016,9,-0.58,La Niña
2016-10-01,17.623826161290324,2016,10,-0.64,La Niña
2016-11-01,17.53375403333333,2016,11,-0.6,La Niña
2016-12-01,15.326839967741936,2016,12,-0.45,Neutral
2017-01-01,14.427611741935484,2017,1,-0.19,Neutral
2017-02-01,14.613271232142859,2017,2,-0.02,Neutral
2017-03-01,14.66821291935484,2017,3,0.18,Neutral
2017-04-01,14.924223033333334,2017,4,0.31,Neutral
2017-05-01,14.943628387096775,2017,5,0.4,Neutral
2017-06-01,15.968819016666666,2017,6,0.39,Neutral
2017-07-01,17.17216948387097,2017,7,0.19,Neutral
2017-08-01,18.400305161290323,2017,8,-0.07,Neutral
2017-09-01,18.990836966666667,2017,9,-0.34,Neutral
2017-10-01,17.580369,2017,10,-0.6,La Niña
2017-11-01,17.325697766666668,2017,11,-0.77,La Niña
2017-12-01,15.85585329032258,2017,12,-0.86,La Niña
2018-01-01,15.401848129032258,2018,1,-0.77,La Niña
2018-02-01,14.753389910714287,2018,2,-0.71,La Niña
2018-03-01,14.46037956451613,2018,3,-0.57,La Niña
2018-04-01,14.736947566666666,2018,4,-0.39,Neutral
2018-05-01,14.947967903225805,2018,5,-0.13,Neutral
2018-06-01,15.710143233333334,2018,6,0.06,Neutral
2018-07-01,17.38052293548387,2018,7,0.14,Neutral
2018-08-01,18.52938883870968,2018,8,0.27,Neutral
2018-09-01,18.0672801,2018,9,0.53,El Niño
2018-10-01,18.060344258064518,2018,10,0.81,El Niño
2018-11-01,17.194693933333333,2018,11,0.97,El Niño
2018-12-01,15.939942322580645,2018,12,0.92,El Niño
2019-01-01,14.926548870967741,2019,1,0.89,El Niño
2019-02-01,14.536737339285713,2019,2,0.86,El Niño
2019-03-01,14.407991677419355,2019,3,0.84,El Niño
2019-04-01,14.953049683333335,2019,4,0.77,El Niño
2019-05-01,15.454673790322582,2019,5,0.64,El Niño
2019-06-01,16.151315266666664,2019,6,0.52,El Niño
2019-07-01,16.898541838709676,2019,7,0.33,Neutral
2019-08-01,18.185983967741933,2019,8,0.19,Neutral
2019-09-01,19.16356976666667,2019,9,0.23,Neutral
2019-10-01,17.687347193548387,2019,10,0.39,Neutral
2019-11-01,16.7378318,2019,11,0.58,El Niño
2019-12-01,15.478329435483872,2019,12,0.66,El Niño
2020-01-01,14.306983903225806,2020,1,0.64,El Niño
2020-02-01,13.981523655172413,2020,2,0.63,El Niño
2020-03-01,14.205092693548387,2020,3,0.53,El Niño
2020-04-01,14.534818233333334,2020,4,0.3,Neutral
2020-05-01,15.946218806451613,2020,5,0.01,Neutral
2020-06-01,16.6065638,2020,6,-0.23,Neutral
2020-07-01,17.369537258064515,2020,7,-0.36,Neutral
2020-08-01,18.55598619354839,2020,8,-0.53,La Niña
2020-09-01,19.260680033333333,2020,9,-0.85,La Niña
2020-10-01,19.092149903225806,2020,10,-1.12,La Niña
2020-11-01,16.713041233333332,2020,11,-1.2,La Niña
2020-12-01,15.176824112903224,2020,12,-1.08,La Niña
2021-01-01,14.212375467741936,2021,1,-0.91,La Niña
2021-02-01,13.830829232142857,2021,2,-0.79,La Niña
2021-03-01,13.537755564516129,2021,3,-0.71,La Niña
2021-04-01,13.927209466666666,2021,4,-0.55,La Niña
2021-05-01,14.273717532258065,2021,5,-0.39,Neutral
2021-06-01,15.7650802,2021,6,-0.3,Neutral
2021-07-01,17.057523387096776,2021,7,-0.35,Neutral
2021-08-01,18.27844883870968,2021,8,-0.45,Neutral
2021-09-01,18.1116158,2021,9,-0.63,La Niña
2021-10-01,17.359435387096777,2021,10,-0.76,La Niña
2021-11-01,16.721781633333332,2021,11,-0.91,La Niña
2021-12-01,15.165891145161291,2021,12,-0.87,La Niña
2022-01-01,14.387601887096773,2022,1,-0.82,La Niña
2022-02-01,14.193245107142857,2022,2,-0.79,La Niña
2022-03-01,13.984211258064516,2022,3,-0.86,La Niña
2022-04-01,14.144603766666668,2022,4,-0.95,La Niña
2022-05-01,14.325491064516129,2022,5,-0.9,La Niña
2022-06-01,15.878519733333333,2022,6,-0.78,La Niña
2022-07-01,17.211722322580645,2022,7,-0.76,La Niña
2022-08-01,18.671357677419355,2022,8,-0.87,La Niña
2022-09-01,19.5025941,2022,9,-0.97,La Niña
2022-10-01,18.50446187096774,2022,10,-0.94,La Niña
2022-11-01,16.403069433333332,2022,11,-0.85,La Niña
2022-12-01,15.133269370967742,2022,12,-0.71,La Niña
2023-01-01,14.543973693548386,2023,1,-0.54,La Niña
2023-02-01,13.700049250000001,2023,2,-0.29,Neutral
2023-03-01,13.486843064516128,2023,3,-0.02,Neutral
2023-04-01,13.442395083333334,2023,4,0.27,Neutral
2023-05-01,14.620229548387098,2023,5,0.57,El Niño
2023-06-01,15.782455216666667,2023,6,0.84,El Niño
2023-07-01,16.332600967741936,2023,7,1.12,El Niño
2023-08-01,18.356816064516128,2023,8,1.37,El Niño
2023-09-01,18.962132433333334,2023,9,1.6,El Niño
2023-10-01,18.404425806451613,2023,10,1.83,El Niño
2023-11-01,17.486635633333332,2023,11,1.99,El Niño
2023-12-01,16.300983322580645,2023,12,2.06,El Niño
2024-01-01,15.326879016129032,2024,1,1.92,El Niño
2024-02-01,15.175743482758621,2024,2,1.62,El Niño
2024-03-01,15.088170693548387,2024,3,1.26,El Niño
2024-04-01,14.7059602,2024,4,0.82,El Niño
2024-05-01,14.860421629032258,2024,5,0.49,Neutral
2024-06-01,15.526527316666666,2024,6,0.22,Neutral
2024-07-01,17.14869793548387,2024,7,0.08,Neutral
2024-08-01,17.965761193548385,2024,8,-0.07,Neutral
2024-09-01,18.50632426666667,2024,9,-0.17,Neutral
2024-10-01,17.92577364516129,2024,10,-0.21,Neutral
2024-11-01,16.40343075,2024,11,-0.3,Neutral
2024-12-01,15.596110822580647,2024,12,-0.42,Neutral
