date,year,month,season,nino34_sst,oni,enso_phase
1950-01-01,1950,1,DJF,24.72,-1.53,La Niña
1950-02-01,1950,2,JFM,25.17,-1.34,La Niña
1950-03-01,1950,3,FMA,25.75,-1.16,La Niña
1950-04-01,1950,4,MAM,26.12,-1.18,La Niña
1950-05-01,1950,5,AMJ,26.32,-1.07,La Niña
1950-06-01,1950,6,MJJ,26.31,-0.85,La Niña
1950-07-01,1950,7,JJA,26.21,-0.54,La Niña
1950-08-01,1950,8,JAS,25.96,-0.42,Neutral
1950-09-01,1950,9,ASO,25.76,-0.39,Neutral
1950-10-01,1950,10,SON,25.63,-0.44,Neutral
1950-11-01,1950,11,OND,25.48,-0.6,La Niña
1950-12-01,1950,12,NDJ,25.34,-0.8,La Niña
1951-01-01,1951,1,DJF,25.42,-0.82,La Niña
1951-02-01,1951,2,JFM,25.96,-0.54,La Niña
1951-03-01,1951,3,FMA,26.74,-0.17,Neutral
1951-04-01,1951,4,MAM,27.48,0.18,Neutral
1951-05-01,1951,5,AMJ,27.75,0.36,Neutral
1951-06-01,1951,6,MJJ,27.75,0.58,El Niño
1951-07-01,1951,7,JJA,27.44,0.7,El Niño
1951-08-01,1951,8,JAS,27.28,0.89,El Niño
1951-09-01,1951,9,ASO,27.14,0.99,El Niño
1951-10-01,1951,10,SON,27.22,1.15,El Niño
1951-11-01,1951,11,OND,27.12,1.04,El Niño
1951-12-01,1951,12,NDJ,26.95,0.81,El Niño
1952-01-01,1952,1,DJF,26.78,0.53,El Niño
1952-02-01,1952,2,JFM,26.87,0.37,Neutral
1952-03-01,1952,3,FMA,27.25,0.34,Neutral
1952-04-01,1952,4,MAM,27.6,0.29,Neutral
1952-05-01,1952,5,AMJ,27.59,0.2,Neutral
1952-06-01,1952,6,MJJ,27.17,0.0,Neutral
1952-07-01,1952,7,JJA,26.67,-0.08,Neutral
1952-08-01,1952,8,JAS,26.39,0.0,Neutral
1952-09-01,1952,9,ASO,26.3,0.15,Neutral
1952-10-01,1952,10,SON,26.17,0.1,Neutral
1952-11-01,1952,11,OND,26.13,0.04,Neutral
1952-12-01,1952,12,NDJ,26.29,0.15,Neutral
1953-01-01,1953,1,DJF,26.65,0.4,Neutral
1953-02-01,1953,2,JFM,27.1,0.6,El Niño
1953-03-01,1953,3,FMA,27.53,0.63,El Niño
1953-04-01,1953,4,MAM,27.96,0.66,El Niño
1953-05-01,1953,5,AMJ,28.14,0.75,El Niño
1953-06-01,1953,6,MJJ,27.94,0.77,El Niño
1953-07-01,1953,7,JJA,27.49,0.75,El Niño
1953-08-01,1953,8,JAS,27.12,0.73,El Niño
1953-09-01,1953,9,ASO,26.93,0.78,El Niño
1953-10-01,1953,10,SON,26.91,0.84,El Niño
1953-11-01,1953,11,OND,26.92,0.84,El Niño
1953-12-01,1953,12,NDJ,26.95,0.81,El Niño
1954-01-01,1954,1,DJF,27.0,0.76,El Niño
1954-02-01,1954,2,JFM,26.97,0.47,Neutral
1954-03-01,1954,3,FMA,26.86,-0.05,Neutral
1954-04-01,1954,4,MAM,26.89,-0.41,Neutral
1954-05-01,1954,5,AMJ,26.85,-0.54,La Niña
1954-06-01,1954,6,MJJ,26.67,-0.5,La Niña
1954-07-01,1954,7,JJA,26.1,-0.64,La Niña
1954-08-01,1954,8,JAS,25.54,-0.84,La Niña
1954-09-01,1954,9,ASO,25.25,-0.9,La Niña
1954-10-01,1954,10,SON,25.3,-0.77,La Niña
1954-11-01,1954,11,OND,25.35,-0.73,La Niña
1954-12-01,1954,12,NDJ,25.48,-0.66,La Niña
1955-01-01,1955,1,DJF,25.57,-0.68,La Niña
1955-02-01,1955,2,JFM,25.89,-0.62,La Niña
1955-03-01,1955,3,FMA,26.22,-0.69,La Niña
1955-04-01,1955,4,MAM,26.5,-0.8,La Niña
1955-05-01,1955,5,AMJ,26.6,-0.79,La Niña
1955-06-01,1955,6,MJJ,26.45,-0.72,La Niña
1955-07-01,1955,7,JJA,26.06,-0.68,La Niña
1955-08-01,1955,8,JAS,25.64,-0.75,La Niña
1955-09-01,1955,9,ASO,25.06,-1.09,La Niña
1955-10-01,1955,10,SON,24.65,-1.42,La Niña
1955-11-01,1955,11,OND,24.41,-1.67,La Niña
1955-12-01,1955,12,NDJ,24.72,-1.47,La Niña
1956-01-01,1956,1,DJF,25.23,-1.11,La Niña
1956-02-01,1956,2,JFM,25.86,-0.76,La Niña
1956-03-01,1956,3,FMA,26.37,-0.63,La Niña
1956-04-01,1956,4,MAM,26.82,-0.54,La Niña
1956-05-01,1956,5,AMJ,26.93,-0.52,La Niña
1956-06-01,1956,6,MJJ,26.72,-0.51,La Niña
1956-07-01,1956,7,JJA,26.23,-0.57,La Niña
1956-08-01,1956,8,JAS,25.87,-0.55,La Niña
1956-09-01,1956,9,ASO,25.71,-0.46,Neutral
1956-10-01,1956,10,SON,25.67,-0.42,Neutral
1956-11-01,1956,11,OND,25.67,-0.43,Neutral
1956-12-01,1956,12,NDJ,25.77,-0.43,Neutral
1957-01-01,1957,1,DJF,26.09,-0.25,Neutral
1957-02-01,1957,2,JFM,26.68,0.06,Neutral
1957-03-01,1957,3,FMA,27.41,0.41,Neutral
1957-04-01,1957,4,MAM,28.08,0.72,El Niño
1957-05-01,1957,5,AMJ,28.37,0.92,El Niño
1957-06-01,1957,6,MJJ,28.34,1.11,El Niño
1957-07-01,1957,7,JJA,28.06,1.25,El Niño
1957-08-01,1957,8,JAS,27.75,1.32,El Niño
1957-09-01,1957,9,ASO,27.5,1.33,El Niño
1957-10-01,1957,10,SON,27.48,1.39,El Niño
1957-11-01,1957,11,OND,27.64,1.53,El Niño
1957-12-01,1957,12,NDJ,27.94,1.74,El Niño
1958-01-01,1958,1,DJF,28.15,1.81,El Niño
1958-02-01,1958,2,JFM,28.27,1.66,El Niño
1958-03-01,1958,3,FMA,28.26,1.27,El Niño
1958-04-01,1958,4,MAM,28.28,0.93,El Niño
1958-05-01,1958,5,AMJ,28.19,0.74,El Niño
1958-06-01,1958,6,MJJ,27.87,0.64,El Niño
1958-07-01,1958,7,JJA,27.38,0.57,El Niño
1958-08-01,1958,8,JAS,26.85,0.43,Neutral
1958-09-01,1958,9,ASO,26.56,0.39,Neutral
1958-10-01,1958,10,SON,26.53,0.44,Neutral
1958-11-01,1958,11,OND,26.6,0.5,El Niño
1958-12-01,1958,12,NDJ,26.81,0.61,El Niño
1959-01-01,1959,1,DJF,26.95,0.61,El Niño
1959-02-01,1959,2,JFM,27.24,0.62,El Niño
1959-03-01,1959,3,FMA,27.51,0.52,El Niño
1959-04-01,1959,4,MAM,27.68,0.33,Neutral
1959-05-01,1959,5,AMJ,27.65,0.2,Neutral
1959-06-01,1959,6,MJJ,27.16,-0.07,Neutral
1959-07-01,1959,7,JJA,26.63,-0.18,Neutral
1959-08-01,1959,8,JAS,26.15,-0.28,Neutral
1959-09-01,1959,9,ASO,26.08,-0.09,Neutral
1959-10-01,1959,10,SON,26.07,-0.03,Neutral
1959-11-01,1959,11,OND,26.15,0.05,Neutral
1959-12-01,1959,12,NDJ,26.16,-0.04,Neutral
1960-01-01,1960,1,DJF,26.24,-0.1,Neutral
1960-02-01,1960,2,JFM,26.51,-0.1,Neutral
1960-03-01,1960,3,FMA,26.92,-0.07,Neutral
1960-04-01,1960,4,MAM,27.39,0.03,Neutral
1960-05-01,1960,5,AMJ,27.47,0.02,Neutral
1960-06-01,1960,6,MJJ,27.26,0.03,Neutral
1960-07-01,1960,7,JJA,26.93,0.13,Neutral
1960-08-01,1960,8,JAS,26.66,0.24,Neutral
1960-09-01,1960,9,ASO,26.44,0.27,Neutral
1960-10-01,1960,10,SON,26.3,0.2,Neutral
1960-11-01,1960,11,OND,26.23,0.12,Neutral
1960-12-01,1960,12,NDJ,26.23,0.05,Neutral
1961-01-01,1961,1,DJF,26.34,0.04,Neutral
1961-02-01,1961,2,JFM,26.58,0.03,Neutral
1961-03-01,1961,3,FMA,26.96,0.04,Neutral
1961-04-01,1961,4,MAM,27.35,0.09,Neutral
1961-05-01,1961,5,AMJ,27.59,0.23,Neutral
1961-06-01,1961,6,MJJ,27.42,0.27,Neutral
1961-07-01,1961,7,JJA,26.9,0.14,Neutral
1961-08-01,1961,8,JAS,26.27,-0.13,Neutral
1961-09-01,1961,9,ASO,25.89,-0.3,Neutral
1961-10-01,1961,10,SON,25.85,-0.26,Neutral
1961-11-01,1961,11,OND,25.91,-0.19,Neutral
1961-12-01,1961,12,NDJ,26.0,-0.16,Neutral
1962-01-01,1962,1,DJF,26.05,-0.24,Neutral
1962-02-01,1962,2,JFM,26.32,-0.22,Neutral
1962-03-01,1962,3,FMA,26.71,-0.2,Neutral
1962-04-01,1962,4,MAM,27.0,-0.26,Neutral
1962-05-01,1962,5,AMJ,27.09,-0.28,Neutral
1962-06-01,1962,6,MJJ,26.96,-0.2,Neutral
1962-07-01,1962,7,JJA,26.72,-0.04,Neutral
1962-08-01,1962,8,JAS,26.34,-0.07,Neutral
1962-09-01,1962,9,ASO,26.07,-0.11,Neutral
1962-10-01,1962,10,SON,25.88,-0.22,Neutral
1962-11-01,1962,11,OND,25.79,-0.31,Neutral
1962-12-01,1962,12,NDJ,25.73,-0.43,Neutral
1963-01-01,1963,1,DJF,25.89,-0.4,Neutral
1963-02-01,1963,2,JFM,26.39,-0.15,Neutral
1963-03-01,1963,3,FMA,27.07,0.15,Neutral
1963-04-01,1963,4,MAM,27.53,0.27,Neutral
1963-05-01,1963,5,AMJ,27.68,0.31,Neutral
1963-06-01,1963,6,MJJ,27.67,0.52,El Niño
1963-07-01,1963,7,JJA,27.62,0.86,El Niño
1963-08-01,1963,8,JAS,27.54,1.14,El Niño
1963-09-01,1963,9,ASO,27.4,1.22,El Niño
1963-10-01,1963,10,SON,27.4,1.29,El Niño
1963-11-01,1963,11,OND,27.47,1.37,El Niño
1963-12-01,1963,12,NDJ,27.47,1.31,El Niño
1964-01-01,1964,1,DJF,27.36,1.07,El Niño
1964-02-01,1964,2,JFM,27.16,0.62,El Niño
1964-03-01,1964,3,FMA,27.03,0.12,Neutral
1964-04-01,1964,4,MAM,26.93,-0.33,Neutral
1964-05-01,1964,5,AMJ,26.78,-0.58,La Niña
1964-06-01,1964,6,MJJ,26.57,-0.58,La Niña
1964-07-01,1964,7,JJA,26.16,-0.6,La Niña
1964-08-01,1964,8,JAS,25.74,-0.66,La Niña
1964-09-01,1964,9,ASO,25.42,-0.76,La Niña
1964-10-01,1964,10,SON,25.31,-0.8,La Niña
1964-11-01,1964,11,OND,25.28,-0.82,La Niña
1964-12-01,1964,12,NDJ,25.38,-0.78,La Niña
1965-01-01,1965,1,DJF,25.69,-0.59,La Niña
1965-02-01,1965,2,JFM,26.27,-0.28,Neutral
1965-03-01,1965,3,FMA,26.85,-0.07,Neutral
1965-04-01,1965,4,MAM,27.44,0.18,Neutral
1965-05-01,1965,5,AMJ,27.82,0.46,Neutral
1965-06-01,1965,6,MJJ,27.99,0.83,El Niño
1965-07-01,1965,7,JJA,27.98,1.22,El Niño
1965-08-01,1965,8,JAS,27.95,1.54,El Niño
1965-09-01,1965,9,ASO,28.04,1.85,El Niño
1965-10-01,1965,10,SON,28.09,1.98,El Niño
1965-11-01,1965,11,OND,28.07,1.97,El Niño
1965-12-01,1965,12,NDJ,27.91,1.72,El Niño
1966-01-01,1966,1,DJF,27.72,1.37,El Niño
1966-02-01,1966,2,JFM,27.81,1.17,El Niño
1966-03-01,1966,3,FMA,27.98,0.98,El Niño
1966-04-01,1966,4,MAM,27.97,0.66,El Niño
1966-05-01,1966,5,AMJ,27.78,0.35,Neutral
1966-06-01,1966,6,MJJ,27.5,0.24,Neutral
1966-07-01,1966,7,JJA,27.14,0.24,Neutral
1966-08-01,1966,8,JAS,26.69,0.12,Neutral
1966-09-01,1966,9,ASO,26.32,-0.05,Neutral
1966-10-01,1966,10,SON,26.24,-0.1,Neutral
1966-11-01,1966,11,OND,26.16,-0.18,Neutral
1966-12-01,1966,12,NDJ,26.04,-0.3,Neutral
1967-01-01,1967,1,DJF,26.01,-0.41,Neutral
1967-02-01,1967,2,JFM,26.17,-0.48,Neutral
1967-03-01,1967,3,FMA,26.46,-0.53,La Niña
1967-04-01,1967,4,MAM,26.87,-0.45,Neutral
1967-05-01,1967,5,AMJ,27.19,-0.24,Neutral
1967-06-01,1967,6,MJJ,27.26,-0.0,Neutral
1967-07-01,1967,7,JJA,26.95,0.05,Neutral
1967-08-01,1967,8,JAS,26.41,-0.16,Neutral
1967-09-01,1967,9,ASO,26.08,-0.3,Neutral
1967-10-01,1967,10,SON,25.96,-0.38,Neutral
1967-11-01,1967,11,OND,26.0,-0.34,Neutral
1967-12-01,1967,12,NDJ,25.9,-0.44,Neutral
1968-01-01,1968,1,DJF,25.78,-0.64,La Niña
1968-02-01,1968,2,JFM,25.91,-0.74,La Niña
1968-03-01,1968,3,FMA,26.38,-0.62,La Niña
1968-04-01,1968,4,MAM,26.88,-0.44,Neutral
1968-05-01,1968,5,AMJ,27.39,-0.04,Neutral
1968-06-01,1968,6,MJJ,27.54,0.28,Neutral
1968-07-01,1968,7,JJA,27.48,0.58,El Niño
1968-08-01,1968,8,JAS,27.1,0.53,El Niño
1968-09-01,1968,9,ASO,26.82,0.45,Neutral
1968-10-01,1968,10,SON,26.89,0.55,El Niño
1968-11-01,1968,11,OND,27.07,0.73,El Niño
1968-12-01,1968,12,NDJ,27.32,0.98,El Niño
1969-01-01,1969,1,DJF,27.54,1.13,El Niño
1969-02-01,1969,2,JFM,27.73,1.09,El Niño
1969-03-01,1969,3,FMA,27.94,0.95,El Niño
1969-04-01,1969,4,MAM,28.09,0.77,El Niño
1969-05-01,1969,5,AMJ,28.04,0.61,El Niño
1969-06-01,1969,6,MJJ,27.69,0.43,Neutral
1969-07-01,1969,7,JJA,27.26,0.36,Neutral
1969-08-01,1969,8,JAS,27.08,0.51,El Niño
1969-09-01,1969,9,ASO,27.17,0.79,El Niño
1969-10-01,1969,10,SON,27.2,0.86,El Niño
1969-11-01,1969,11,OND,27.14,0.81,El Niño
1969-12-01,1969,12,NDJ,26.98,0.63,El Niño
1970-01-01,1970,1,DJF,26.93,0.51,El Niño
1970-02-01,1970,2,JFM,26.98,0.34,Neutral
1970-03-01,1970,3,FMA,27.29,0.29,Neutral
1970-04-01,1970,4,MAM,27.51,0.19,Neutral
1970-05-01,1970,5,AMJ,27.47,0.04,Neutral
1970-06-01,1970,6,MJJ,26.96,-0.3,Neutral
1970-07-01,1970,7,JJA,26.28,-0.63,La Niña
1970-08-01,1970,8,JAS,25.81,-0.76,La Niña
1970-09-01,1970,9,ASO,25.61,-0.77,La Niña
1970-10-01,1970,10,SON,25.6,-0.74,La Niña
1970-11-01,1970,11,OND,25.48,-0.86,La Niña
1970-12-01,1970,12,NDJ,25.22,-1.15,La Niña
1971-01-01,1971,1,DJF,25.1,-1.36,La Niña
1971-02-01,1971,2,JFM,25.32,-1.38,La Niña
1971-03-01,1971,3,FMA,25.92,-1.12,La Niña
1971-04-01,1971,4,MAM,26.51,-0.85,La Niña
1971-05-01,1971,5,AMJ,26.73,-0.73,La Niña
1971-06-01,1971,6,MJJ,26.56,-0.74,La Niña
1971-07-01,1971,7,JJA,26.15,-0.8,La Niña
1971-08-01,1971,8,JAS,25.86,-0.77,La Niña
1971-09-01,1971,9,ASO,25.64,-0.82,La Niña
1971-10-01,1971,10,SON,25.58,-0.85,La Niña
1971-11-01,1971,11,OND,25.46,-0.96,La Niña
1971-12-01,1971,12,NDJ,25.52,-0.9,La Niña
1972-01-01,1972,1,DJF,25.77,-0.71,La Niña
1972-02-01,1972,2,JFM,26.35,-0.35,Neutral
1972-03-01,1972,3,FMA,27.1,0.06,Neutral
1972-04-01,1972,4,MAM,27.77,0.41,Neutral
1972-05-01,1972,5,AMJ,28.13,0.67,El Niño
1972-06-01,1972,6,MJJ,28.21,0.92,El Niño
1972-07-01,1972,7,JJA,28.09,1.13,El Niño
1972-08-01,1972,8,JAS,28.0,1.37,El Niño
1972-09-01,1972,9,ASO,28.04,1.58,El Niño
1972-10-01,1972,10,SON,28.26,1.84,El Niño
1972-11-01,1972,11,OND,28.51,2.09,El Niño
1972-12-01,1972,12,NDJ,28.54,2.12,El Niño
1973-01-01,1973,1,DJF,28.32,1.84,El Niño
1973-02-01,1973,2,JFM,27.95,1.25,El Niño
1973-03-01,1973,3,FMA,27.59,0.54,El Niño
1973-04-01,1973,4,MAM,27.26,-0.1,Neutral
1973-05-01,1973,5,AMJ,26.92,-0.54,La Niña
1973-06-01,1973,6,MJJ,26.42,-0.87,La Niña
1973-07-01,1973,7,JJA,25.84,-1.11,La Niña
1973-08-01,1973,8,JAS,25.35,-1.28,La Niña
1973-09-01,1973,9,ASO,25.01,-1.45,La Niña
1973-10-01,1973,10,SON,24.71,-1.71,La Niña
1973-11-01,1973,11,OND,24.47,-1.95,La Niña
1973-12-01,1973,12,NDJ,24.38,-2.03,La Niña
1974-01-01,1974,1,DJF,24.64,-1.84,La Niña
1974-02-01,1974,2,JFM,25.14,-1.55,La Niña
1974-03-01,1974,3,FMA,25.82,-1.23,La Niña
1974-04-01,1974,4,MAM,26.33,-1.03,La Niña
1974-05-01,1974,5,AMJ,26.55,-0.91,La Niña
1974-06-01,1974,6,MJJ,26.52,-0.77,La Niña
1974-07-01,1974,7,JJA,26.42,-0.53,La Niña
1974-08-01,1974,8,JAS,26.26,-0.37,Neutral
1974-09-01,1974,9,ASO,26.06,-0.41,Neutral
1974-10-01,1974,10,SON,25.82,-0.61,La Niña
1974-11-01,1974,11,OND,25.67,-0.75,La Niña
1974-12-01,1974,12,NDJ,25.78,-0.64,La Niña
1975-01-01,1975,1,DJF,25.94,-0.54,La Niña
1975-02-01,1975,2,JFM,26.13,-0.57,La Niña
1975-03-01,1975,3,FMA,26.39,-0.65,La Niña
1975-04-01,1975,4,MAM,26.63,-0.73,La Niña
1975-05-01,1975,5,AMJ,26.64,-0.83,La Niña
1975-06-01,1975,6,MJJ,26.31,-0.98,La Niña
1975-07-01,1975,7,JJA,25.82,-1.13,La Niña
1975-08-01,1975,8,JAS,25.43,-1.2,La Niña
1975-09-01,1975,9,ASO,25.09,-1.37,La Niña
1975-10-01,1975,10,SON,25.0,-1.43,La Niña
1975-11-01,1975,11,OND,24.87,-1.55,La Niña
1975-12-01,1975,12,NDJ,24.75,-1.65,La Niña
1976-01-01,1976,1,DJF,24.9,-1.56,La Niña
1976-02-01,1976,2,JFM,25.5,-1.17,La Niña
1976-03-01,1976,3,FMA,26.28,-0.73,La Niña
1976-04-01,1976,4,MAM,26.85,-0.47,Neutral
1976-05-01,1976,5,AMJ,27.15,-0.28,Neutral
1976-06-01,1976,6,MJJ,27.22,-0.05,Neutral
1976-07-01,1976,7,JJA,27.15,0.18,Neutral
1976-08-01,1976,8,JAS,27.04,0.35,Neutral
1976-09-01,1976,9,ASO,27.15,0.62,El Niño
1976-10-01,1976,10,SON,27.29,0.81,El Niño
1976-11-01,1976,11,OND,27.32,0.86,El Niño
1976-12-01,1976,12,NDJ,27.27,0.85,El Niño
1977-01-01,1977,1,DJF,27.18,0.71,El Niño
1977-02-01,1977,2,JFM,27.31,0.64,El Niño
1977-03-01,1977,3,FMA,27.35,0.34,Neutral
1977-04-01,1977,4,MAM,27.55,0.23,Neutral
1977-05-01,1977,5,AMJ,27.64,0.21,Neutral
1977-06-01,1977,6,MJJ,27.61,0.34,Neutral
1977-07-01,1977,7,JJA,27.32,0.35,Neutral
1977-08-01,1977,8,JAS,27.11,0.42,Neutral
1977-09-01,1977,9,ASO,27.1,0.57,El Niño
1977-10-01,1977,10,SON,27.21,0.73,El Niño
1977-11-01,1977,11,OND,27.27,0.81,El Niño
1977-12-01,1977,12,NDJ,27.21,0.79,El Niño
1978-01-01,1978,1,DJF,27.15,0.69,El Niño
1978-02-01,1978,2,JFM,27.09,0.42,Neutral
1978-03-01,1978,3,FMA,27.08,0.06,Neutral
1978-04-01,1978,4,MAM,27.14,-0.18,Neutral
1978-05-01,1978,5,AMJ,27.11,-0.31,Neutral
1978-06-01,1978,6,MJJ,26.98,-0.29,Neutral
1978-07-01,1978,7,JJA,26.61,-0.36,Neutral
1978-08-01,1978,8,JAS,26.27,-0.42,Neutral
1978-09-01,1978,9,ASO,26.11,-0.42,Neutral
1978-10-01,1978,10,SON,26.19,-0.29,Neutral
1978-11-01,1978,11,OND,26.37,-0.08,Neutral
1978-12-01,1978,12,NDJ,26.43,0.0,Neutral
1979-01-01,1979,1,DJF,26.5,0.03,Neutral
1979-02-01,1979,2,JFM,26.75,0.07,Neutral
1979-03-01,1979,3,FMA,27.22,0.2,Neutral
1979-04-01,1979,4,MAM,27.6,0.28,Neutral
1979-05-01,1979,5,AMJ,27.66,0.23,Neutral
1979-06-01,1979,6,MJJ,27.32,0.05,Neutral
1979-07-01,1979,7,JJA,27.0,0.04,Neutral
1979-08-01,1979,8,JAS,26.86,0.17,Neutral
1979-09-01,1979,9,ASO,26.86,0.33,Neutral
1979-10-01,1979,10,SON,26.94,0.45,Neutral
1979-11-01,1979,11,OND,26.98,0.52,El Niño
1979-12-01,1979,12,NDJ,27.06,0.64,El Niño
1980-01-01,1980,1,DJF,27.06,0.59,El Niño
1980-02-01,1980,2,JFM,27.13,0.46,Neutral
1980-03-01,1980,3,FMA,27.35,0.34,Neutral
1980-04-01,1980,4,MAM,27.7,0.38,Neutral
1980-05-01,1980,5,AMJ,27.9,0.48,Neutral
1980-06-01,1980,6,MJJ,27.73,0.46,Neutral
1980-07-01,1980,7,JJA,27.22,0.25,Neutral
1980-08-01,1980,8,JAS,26.72,0.03,Neutral
1980-09-01,1980,9,ASO,26.46,-0.07,Neutral
1980-10-01,1980,10,SON,26.5,0.02,Neutral
1980-11-01,1980,11,OND,26.57,0.11,Neutral
1980-12-01,1980,12,NDJ,26.48,-0.01,Neutral
1981-01-01,1981,1,DJF,26.32,-0.26,Neutral
1981-02-01,1981,2,JFM,26.32,-0.5,La Niña
1981-03-01,1981,3,FMA,26.69,-0.47,Neutral
1981-04-01,1981,4,MAM,27.11,-0.37,Neutral
1981-05-01,1981,5,AMJ,27.31,-0.26,Neutral
1981-06-01,1981,6,MJJ,27.09,-0.29,Neutral
1981-07-01,1981,7,JJA,26.75,-0.3,Neutral
1981-08-01,1981,8,JAS,26.5,-0.25,Neutral
1981-09-01,1981,9,ASO,26.42,-0.16,Neutral
1981-10-01,1981,10,SON,26.41,-0.13,Neutral
1981-11-01,1981,11,OND,26.37,-0.15,Neutral
1981-12-01,1981,12,NDJ,26.46,-0.08,Neutral
1982-01-01,1982,1,DJF,26.56,-0.05,Neutral
1982-02-01,1982,2,JFM,26.9,0.07,Neutral
1982-03-01,1982,3,FMA,27.35,0.19,Neutral
1982-04-01,1982,4,MAM,27.95,0.47,Neutral
1982-05-01,1982,5,AMJ,28.23,0.66,El Niño
1982-06-01,1982,6,MJJ,28.1,0.72,El Niño
1982-07-01,1982,7,JJA,27.83,0.79,El Niño
1982-08-01,1982,8,JAS,27.81,1.07,El Niño
1982-09-01,1982,9,ASO,28.16,1.58,El Niño
1982-10-01,1982,10,SON,28.5,1.97,El Niño
1982-11-01,1982,11,OND,28.7,2.18,El Niño
1982-12-01,1982,12,NDJ,28.76,2.23,El Niño
1983-01-01,1983,1,DJF,28.79,2.18,El Niño
1983-02-01,1983,2,JFM,28.75,1.92,El Niño
1983-03-01,1983,3,FMA,28.71,1.54,El Niño
1983-04-01,1983,4,MAM,28.76,1.29,El Niño
1983-05-01,1983,5,AMJ,28.63,1.06,El Niño
1983-06-01,1983,6,MJJ,28.1,0.72,El Niño
1983-07-01,1983,7,JJA,27.36,0.31,Neutral
1983-08-01,1983,8,JAS,26.66,-0.08,Neutral
1983-09-01,1983,9,ASO,26.12,-0.46,Neutral
1983-10-01,1983,10,SON,25.73,-0.81,La Niña
1983-11-01,1983,11,OND,25.52,-1.0,La Niña
1983-12-01,1983,12,NDJ,25.62,-0.91,La Niña
1984-01-01,1984,1,DJF,26.01,-0.6,La Niña
1984-02-01,1984,2,JFM,26.41,-0.42,Neutral
1984-03-01,1984,3,FMA,26.83,-0.34,Neutral
1984-04-01,1984,4,MAM,27.04,-0.43,Neutral
1984-05-01,1984,5,AMJ,27.06,-0.51,La Niña
1984-06-01,1984,6,MJJ,26.94,-0.45,Neutral
1984-07-01,1984,7,JJA,26.74,-0.3,Neutral
1984-08-01,1984,8,JAS,26.59,-0.16,Neutral
1984-09-01,1984,9,ASO,26.34,-0.24,Neutral
1984-10-01,1984,10,SON,25.98,-0.56,La Niña
1984-11-01,1984,11,OND,25.61,-0.92,La Niña
1984-12-01,1984,12,NDJ,25.39,-1.14,La Niña
1985-01-01,1985,1,DJF,25.56,-1.04,La Niña
1985-02-01,1985,2,JFM,25.98,-0.85,La Niña
1985-03-01,1985,3,FMA,26.4,-0.77,La Niña
1985-04-01,1985,4,MAM,26.69,-0.78,La Niña
1985-05-01,1985,5,AMJ,26.79,-0.78,La Niña
1985-06-01,1985,6,MJJ,26.76,-0.63,La Niña
1985-07-01,1985,7,JJA,26.55,-0.49,Neutral
1985-08-01,1985,8,JAS,26.29,-0.46,Neutral
1985-09-01,1985,9,ASO,26.18,-0.4,Neutral
1985-10-01,1985,10,SON,26.19,-0.35,Neutral
1985-11-01,1985,11,OND,26.25,-0.27,Neutral
1985-12-01,1985,12,NDJ,26.14,-0.36,Neutral
1986-01-01,1986,1,DJF,26.05,-0.49,Neutral
1986-02-01,1986,2,JFM,26.28,-0.47,Neutral
1986-03-01,1986,3,FMA,26.81,-0.31,Neutral
1986-04-01,1986,4,MAM,27.26,-0.2,Neutral
1986-05-01,1986,5,AMJ,27.44,-0.12,Neutral
1986-06-01,1986,6,MJJ,27.34,-0.04,Neutral
1986-07-01,1986,7,JJA,27.26,0.22,Neutral
1986-08-01,1986,8,JAS,27.2,0.44,Neutral
1986-09-01,1986,9,ASO,27.31,0.71,El Niño
1986-10-01,1986,10,SON,27.49,0.94,El Niño
1986-11-01,1986,11,OND,27.64,1.14,El Niño
1986-12-01,1986,12,NDJ,27.7,1.22,El Niño
1987-01-01,1987,1,DJF,27.76,1.23,El Niño
1987-02-01,1987,2,JFM,27.95,1.19,El Niño
1987-03-01,1987,3,FMA,28.19,1.06,El Niño
1987-04-01,1987,4,MAM,28.41,0.95,El Niño
1987-05-01,1987,5,AMJ,28.53,0.97,El Niño
1987-06-01,1987,6,MJJ,28.59,1.22,El Niño
1987-07-01,1987,7,JJA,28.54,1.51,El Niño
1987-08-01,1987,8,JAS,28.45,1.7,El Niño
1987-09-01,1987,9,ASO,28.24,1.65,El Niño
1987-10-01,1987,10,SON,28.03,1.48,El Niño
1987-11-01,1987,11,OND,27.76,1.25,El Niño
1987-12-01,1987,12,NDJ,27.59,1.11,El Niño
1988-01-01,1988,1,DJF,27.34,0.81,El Niño
1988-02-01,1988,2,JFM,27.29,0.54,El Niño
1988-03-01,1988,3,FMA,27.27,0.14,Neutral
1988-04-01,1988,4,MAM,27.15,-0.31,Neutral
1988-05-01,1988,5,AMJ,26.69,-0.88,La Niña
1988-06-01,1988,6,MJJ,26.08,-1.3,La Niña
1988-07-01,1988,7,JJA,25.74,-1.3,La Niña
1988-08-01,1988,8,JAS,25.65,-1.11,La Niña
1988-09-01,1988,9,ASO,25.4,-1.19,La Niña
1988-10-01,1988,10,SON,25.07,-1.48,La Niña
1988-11-01,1988,11,OND,24.71,-1.8,La Niña
1988-12-01,1988,12,NDJ,24.63,-1.85,La Niña
1989-01-01,1989,1,DJF,24.84,-1.69,La Niña
1989-02-01,1989,2,JFM,25.32,-1.43,La Niña
1989-03-01,1989,3,FMA,26.04,-1.08,La Niña
1989-04-01,1989,4,MAM,26.64,-0.83,La Niña
1989-05-01,1989,5,AMJ,26.99,-0.58,La Niña
1989-06-01,1989,6,MJJ,26.97,-0.4,Neutral
1989-07-01,1989,7,JJA,26.73,-0.31,Neutral
1989-08-01,1989,8,JAS,26.48,-0.27,Neutral
1989-09-01,1989,9,ASO,26.35,-0.24,Neutral
1989-10-01,1989,10,SON,26.33,-0.22,Neutral
1989-11-01,1989,11,OND,26.34,-0.16,Neutral
1989-12-01,1989,12,NDJ,26.43,-0.05,Neutral
1990-01-01,1990,1,DJF,26.67,0.14,Neutral
1990-02-01,1990,2,JFM,26.96,0.21,Neutral
1990-03-01,1990,3,FMA,27.41,0.28,Neutral
1990-04-01,1990,4,MAM,27.75,0.29,Neutral
1990-05-01,1990,5,AMJ,27.86,0.29,Neutral
1990-06-01,1990,6,MJJ,27.68,0.31,Neutral
1990-07-01,1990,7,JJA,27.37,0.33,Neutral
1990-08-01,1990,8,JAS,27.13,0.38,Neutral
1990-09-01,1990,9,ASO,26.98,0.39,Neutral
1990-10-01,1990,10,SON,26.89,0.35,Neutral
1990-11-01,1990,11,OND,26.9,0.4,Neutral
1990-12-01,1990,12,NDJ,26.94,0.41,Neutral
1991-01-01,1991,1,DJF,27.02,0.41,Neutral
1991-02-01,1991,2,JFM,27.15,0.26,Neutral
1991-03-01,1991,3,FMA,27.48,0.22,Neutral
1991-04-01,1991,4,MAM,27.85,0.26,Neutral
1991-05-01,1991,5,AMJ,28.16,0.45,Neutral
1991-06-01,1991,6,MJJ,28.17,0.64,El Niño
1991-07-01,1991,7,JJA,27.94,0.73,El Niño
1991-08-01,1991,8,JAS,27.57,0.64,El Niño
1991-09-01,1991,9,ASO,27.41,0.62,El Niño
1991-10-01,1991,10,SON,27.54,0.79,El Niño
1991-11-01,1991,11,OND,27.91,1.21,El Niño
1991-12-01,1991,12,NDJ,28.18,1.53,El Niño
1992-01-01,1992,1,DJF,28.39,1.71,El Niño
1992-02-01,1992,2,JFM,28.52,1.63,El Niño
1992-03-01,1992,3,FMA,28.73,1.48,El Niño
1992-04-01,1992,4,MAM,28.88,1.29,El Niño
1992-05-01,1992,5,AMJ,28.76,1.06,El Niño
1992-06-01,1992,6,MJJ,28.26,0.73,El Niño
1992-07-01,1992,7,JJA,27.57,0.37,Neutral
1992-08-01,1992,8,JAS,27.03,0.09,Neutral
1992-09-01,1992,9,ASO,26.66,-0.13,Neutral
1992-10-01,1992,10,SON,26.5,-0.25,Neutral
1992-11-01,1992,11,OND,26.43,-0.28,Neutral
1992-12-01,1992,12,NDJ,26.52,-0.13,Neutral
1993-01-01,1993,1,DJF,26.77,0.09,Neutral
1993-02-01,1993,2,JFM,27.18,0.3,Neutral
1993-03-01,1993,3,FMA,27.75,0.5,El Niño
1993-04-01,1993,4,MAM,28.27,0.67,El Niño
1993-05-01,1993,5,AMJ,28.4,0.7,El Niño
1993-06-01,1993,6,MJJ,28.1,0.57,El Niño
1993-07-01,1993,7,JJA,27.53,0.32,Neutral
1993-08-01,1993,8,JAS,27.19,0.25,Neutral
1993-09-01,1993,9,ASO,26.94,0.15,Neutral
1993-10-01,1993,10,SON,26.85,0.1,Neutral
1993-11-01,1993,11,OND,26.75,0.04,Neutral
1993-12-01,1993,12,NDJ,26.71,0.06,Neutral
1994-01-01,1994,1,DJF,26.74,0.06,Neutral
1994-02-01,1994,2,JFM,26.95,0.07,Neutral
1994-03-01,1994,3,FMA,27.43,0.17,Neutral
1994-04-01,1994,4,MAM,27.9,0.31,Neutral
1994-05-01,1994,5,AMJ,28.12,0.42,Neutral
1994-06-01,1994,6,MJJ,27.94,0.41,Neutral
1994-07-01,1994,7,JJA,27.65,0.44,Neutral
1994-08-01,1994,8,JAS,27.37,0.43,Neutral
1994-09-01,1994,9,ASO,27.35,0.55,El Niño
1994-10-01,1994,10,SON,27.49,0.74,El Niño
1994-11-01,1994,11,OND,27.71,1.01,El Niño
1994-12-01,1994,12,NDJ,27.74,1.09,El Niño
1995-01-01,1995,1,DJF,27.64,0.96,El Niño
1995-02-01,1995,2,JFM,27.61,0.72,El Niño
1995-03-01,1995,3,FMA,27.79,0.53,El Niño
1995-04-01,1995,4,MAM,27.9,0.3,Neutral
1995-05-01,1995,5,AMJ,27.84,0.14,Neutral
1995-06-01,1995,6,MJJ,27.5,-0.03,Neutral
1995-07-01,1995,7,JJA,26.97,-0.24,Neutral
1995-08-01,1995,8,JAS,26.4,-0.54,La Niña
1995-09-01,1995,9,ASO,25.99,-0.81,La Niña
1995-10-01,1995,10,SON,25.78,-0.97,La Niña
1995-11-01,1995,11,OND,25.7,-1.0,La Niña
1995-12-01,1995,12,NDJ,25.66,-0.98,La Niña
1996-01-01,1996,1,DJF,25.76,-0.9,La Niña
1996-02-01,1996,2,JFM,26.1,-0.75,La Niña
1996-03-01,1996,3,FMA,26.65,-0.59,La Niña
1996-04-01,1996,4,MAM,27.2,-0.39,Neutral
1996-05-01,1996,5,AMJ,27.4,-0.31,Neutral
1996-06-01,1996,6,MJJ,27.23,-0.3,Neutral
1996-07-01,1996,7,JJA,26.93,-0.27,Neutral
1996-08-01,1996,8,JAS,26.59,-0.32,Neutral
1996-09-01,1996,9,ASO,26.39,-0.35,Neutral
1996-10-01,1996,10,SON,26.28,-0.4,Neutral
1996-11-01,1996,11,OND,26.17,-0.45,Neutral
1996-12-01,1996,12,NDJ,26.09,-0.49,Neutral
1997-01-01,1997,1,DJF,26.12,-0.5,La Niña
1997-02-01,1997,2,JFM,26.49,-0.36,Neutral
1997-03-01,1997,3,FMA,27.14,-0.1,Neutral
1997-04-01,1997,4,MAM,27.87,0.28,Neutral
1997-05-01,1997,5,AMJ,28.46,0.75,El Niño
1997-06-01,1997,6,MJJ,28.75,1.22,El Niño
1997-07-01,1997,7,JJA,28.8,1.6,El Niño
1997-08-01,1997,8,JAS,28.81,1.9,El Niño
1997-09-01,1997,9,ASO,28.88,2.14,El Niño
1997-10-01,1997,10,SON,29.01,2.33,El Niño
1997-11-01,1997,11,OND,29.02,2.4,El Niño
1997-12-01,1997,12,NDJ,28.97,2.39,El Niño
1998-01-01,1998,1,DJF,28.87,2.24,El Niño
1998-02-01,1998,2,JFM,28.78,1.93,El Niño
1998-03-01,1998,3,FMA,28.68,1.44,El Niño
1998-04-01,1998,4,MAM,28.59,0.99,El Niño
1998-05-01,1998,5,AMJ,28.16,0.45,Neutral
1998-06-01,1998,6,MJJ,27.39,-0.13,Neutral
1998-07-01,1998,7,JJA,26.42,-0.78,La Niña
1998-08-01,1998,8,JAS,25.79,-1.12,La Niña
1998-09-01,1998,9,ASO,25.44,-1.31,La Niña
1998-10-01,1998,10,SON,25.32,-1.35,La Niña
1998-11-01,1998,11,OND,25.14,-1.48,La Niña
1998-12-01,1998,12,NDJ,25.01,-1.57,La Niña
1999-01-01,1999,1,DJF,25.08,-1.55,La Niña
1999-02-01,1999,2,JFM,25.55,-1.3,La Niña
1999-03-01,1999,3,FMA,26.17,-1.07,La Niña
1999-04-01,1999,4,MAM,26.62,-0.98,La Niña
1999-05-01,1999,5,AMJ,26.68,-1.02,La Niña
1999-06-01,1999,6,MJJ,26.49,-1.04,La Niña
1999-07-01,1999,7,JJA,26.1,-1.1,La Niña
1999-08-01,1999,8,JAS,25.8,-1.11,La Niña
1999-09-01,1999,9,ASO,25.58,-1.16,La Niña
1999-10-01,1999,10,SON,25.41,-1.26,La Niña
1999-11-01,1999,11,OND,25.16,-1.46,La Niña
1999-12-01,1999,12,NDJ,24.93,-1.65,La Niña
2000-01-01,2000,1,DJF,24.96,-1.66,La Niña
2000-02-01,2000,2,JFM,25.44,-1.41,La Niña
2000-03-01,2000,3,FMA,26.17,-1.07,La Niña
2000-04-01,2000,4,MAM,26.78,-0.81,La Niña
2000-05-01,2000,5,AMJ,27.0,-0.71,La Niña
2000-06-01,2000,6,MJJ,26.88,-0.64,La Niña
2000-07-01,2000,7,JJA,26.65,-0.55,La Niña
2000-08-01,2000,8,JAS,26.4,-0.51,La Niña
2000-09-01,2000,9,ASO,26.2,-0.55,La Niña
2000-10-01,2000,10,SON,26.05,-0.63,La Niña
2000-11-01,2000,11,OND,25.88,-0.75,La Niña
2000-12-01,2000,12,NDJ,25.81,-0.74,La Niña
2001-01-01,2001,1,DJF,25.88,-0.68,La Niña
2001-02-01,2001,2,JFM,26.26,-0.52,La Niña
2001-03-01,2001,3,FMA,26.76,-0.44,Neutral
2001-04-01,2001,4,MAM,27.25,-0.34,Neutral
2001-05-01,2001,5,AMJ,27.49,-0.25,Neutral
2001-06-01,2001,6,MJJ,27.47,-0.12,Neutral
2001-07-01,2001,7,JJA,27.2,-0.08,Neutral
2001-08-01,2001,8,JAS,26.86,-0.13,Neutral
2001-09-01,2001,9,ASO,26.63,-0.19,Neutral
2001-10-01,2001,10,SON,26.48,-0.29,Neutral
2001-11-01,2001,11,OND,26.37,-0.35,Neutral
2001-12-01,2001,12,NDJ,26.31,-0.31,Neutral
2002-01-01,2002,1,DJF,26.44,-0.15,Neutral
2002-02-01,2002,2,JFM,26.81,0.03,Neutral
2002-03-01,2002,3,FMA,27.29,0.09,Neutral
2002-04-01,2002,4,MAM,27.8,0.2,Neutral
2002-05-01,2002,5,AMJ,28.18,0.43,Neutral
2002-06-01,2002,6,MJJ,28.24,0.65,El Niño
2002-07-01,2002,7,JJA,28.06,0.79,El Niño
2002-08-01,2002,8,JAS,27.85,0.86,El Niño
2002-09-01,2002,9,ASO,27.83,1.01,El Niño
2002-10-01,2002,10,SON,27.97,1.21,El Niño
2002-11-01,2002,11,OND,28.03,1.31,El Niño
2002-12-01,2002,12,NDJ,27.76,1.14,El Niño
2003-01-01,2003,1,DJF,27.51,0.92,El Niño
2003-02-01,2003,2,JFM,27.41,0.63,El Niño
2003-03-01,2003,3,FMA,27.58,0.38,Neutral
2003-04-01,2003,4,MAM,27.56,-0.04,Neutral
2003-05-01,2003,5,AMJ,27.48,-0.26,Neutral
2003-06-01,2003,6,MJJ,27.42,-0.16,Neutral
2003-07-01,2003,7,JJA,27.35,0.08,Neutral
2003-08-01,2003,8,JAS,27.2,0.21,Neutral
2003-09-01,2003,9,ASO,27.08,0.26,Neutral
2003-10-01,2003,10,SON,27.05,0.29,Neutral
2003-11-01,2003,11,OND,27.07,0.35,Neutral
2003-12-01,2003,12,NDJ,26.97,0.35,Neutral
2004-01-01,2004,1,DJF,26.95,0.37,Neutral
2004-02-01,2004,2,JFM,27.08,0.31,Neutral
2004-03-01,2004,3,FMA,27.43,0.23,Neutral
2004-04-01,2004,4,MAM,27.76,0.17,Neutral
2004-05-01,2004,5,AMJ,27.91,0.17,Neutral
2004-06-01,2004,6,MJJ,27.87,0.28,Neutral
2004-07-01,2004,7,JJA,27.74,0.47,Neutral
2004-08-01,2004,8,JAS,27.63,0.64,El Niño
2004-09-01,2004,9,ASO,27.52,0.7,El Niño
2004-10-01,2004,10,SON,27.44,0.67,El Niño
2004-11-01,2004,11,OND,27.38,0.66,El Niño
2004-12-01,2004,12,NDJ,27.3,0.69,El Niño
2005-01-01,2005,1,DJF,27.22,0.64,El Niño
2005-02-01,2005,2,JFM,27.36,0.58,El Niño
2005-03-01,2005,3,FMA,27.65,0.45,Neutral
2005-04-01,2005,4,MAM,28.02,0.43,Neutral
2005-05-01,2005,5,AMJ,28.03,0.29,Neutral
2005-06-01,2005,6,MJJ,27.69,0.11,Neutral
2005-07-01,2005,7,JJA,27.21,-0.06,Neutral
2005-08-01,2005,8,JAS,26.85,-0.14,Neutral
2005-09-01,2005,9,ASO,26.71,-0.11,Neutral
2005-10-01,2005,10,SON,26.48,-0.29,Neutral
2005-11-01,2005,11,OND,26.15,-0.57,La Niña
2005-12-01,2005,12,NDJ,25.81,-0.84,La Niña
2006-01-01,2006,1,DJF,25.8,-0.85,La Niña
2006-02-01,2006,2,JFM,26.1,-0.77,La Niña
2006-03-01,2006,3,FMA,26.73,-0.57,La Niña
2006-04-01,2006,4,MAM,27.31,-0.37,Neutral
2006-05-01,2006,5,AMJ,27.69,-0.14,Neutral
2006-06-01,2006,6,MJJ,27.62,-0.03,Neutral
2006-07-01,2006,7,JJA,27.4,0.1,Neutral
2006-08-01,2006,8,JAS,27.26,0.3,Neutral
2006-09-01,2006,9,ASO,27.3,0.54,El Niño
2006-10-01,2006,10,SON,27.48,0.77,El Niño
2006-11-01,2006,11,OND,27.62,0.94,El Niño
2006-12-01,2006,12,NDJ,27.56,0.94,El Niño
2007-01-01,2007,1,DJF,27.3,0.66,El Niño
2007-02-01,2007,2,JFM,27.09,0.22,Neutral
2007-03-01,2007,3,FMA,27.18,-0.12,Neutral
2007-04-01,2007,4,MAM,27.37,-0.32,Neutral
2007-05-01,2007,5,AMJ,27.45,-0.38,Neutral
2007-06-01,2007,6,MJJ,27.18,-0.47,Neutral
2007-07-01,2007,7,JJA,26.74,-0.56,La Niña
2007-08-01,2007,8,JAS,26.15,-0.81,La Niña
2007-09-01,2007,9,ASO,25.69,-1.07,La Niña
2007-10-01,2007,10,SON,25.37,-1.34,La Niña
2007-11-01,2007,11,OND,25.17,-1.5,La Niña
2007-12-01,2007,12,NDJ,25.02,-1.6,La Niña
2008-01-01,2008,1,DJF,25.0,-1.64,La Niña
2008-02-01,2008,2,JFM,25.35,-1.52,La Niña
2008-03-01,2008,3,FMA,26.01,-1.29,La Niña
2008-04-01,2008,4,MAM,26.67,-1.01,La Niña
2008-05-01,2008,5,AMJ,26.99,-0.84,La Niña
2008-06-01,2008,6,MJJ,27.04,-0.61,La Niña
2008-07-01,2008,7,JJA,26.92,-0.37,Neutral
2008-08-01,2008,8,JAS,26.73,-0.23,Neutral
2008-09-01,2008,9,ASO,26.52,-0.24,Neutral
2008-10-01,2008,10,SON,26.36,-0.35,Neutral
2008-11-01,2008,11,OND,26.12,-0.55,La Niña
2008-12-01,2008,12,NDJ,25.88,-0.73,La Niña
2009-01-01,2009,1,DJF,25.79,-0.85,La Niña
2009-02-01,2009,2,JFM,26.08,-0.79,La Niña
2009-03-01,2009,3,FMA,26.68,-0.61,La Niña
2009-04-01,2009,4,MAM,27.36,-0.33,Neutral
2009-05-01,2009,5,AMJ,27.84,0.01,Neutral
2009-06-01,2009,6,MJJ,27.94,0.28,Neutral
2009-07-01,2009,7,JJA,27.75,0.45,Neutral
2009-08-01,2009,8,JAS,27.53,0.58,El Niño
2009-09-01,2009,9,ASO,27.47,0.71,El Niño
2009-10-01,2009,10,SON,27.72,1.01,El Niño
2009-11-01,2009,11,OND,28.03,1.36,El Niño
2009-12-01,2009,12,NDJ,28.18,1.56,El Niño
2010-01-01,2010,1,DJF,28.14,1.5,El Niño
2010-02-01,2010,2,JFM,28.09,1.22,El Niño
2010-03-01,2010,3,FMA,28.14,0.84,El Niño
2010-04-01,2010,4,MAM,28.04,0.35,Neutral
2010-05-01,2010,5,AMJ,27.66,-0.17,Neutral
2010-06-01,2010,6,MJJ,27.0,-0.66,La Niña
2010-07-01,2010,7,JJA,26.25,-1.05,La Niña
2010-08-01,2010,8,JAS,25.61,-1.35,La Niña
2010-09-01,2010,9,ASO,25.21,-1.56,La Niña
2010-10-01,2010,10,SON,25.07,-1.64,La Niña
2010-11-01,2010,11,OND,25.03,-1.64,La Niña
2010-12-01,2010,12,NDJ,25.02,-1.54,La Niña
2011-01-01,2011,1,DJF,25.22,-1.31,La Niña
2011-02-01,2011,2,JFM,25.68,-1.04,La Niña
2011-03-01,2011,3,FMA,26.37,-0.8,La Niña
2011-04-01,2011,4,MAM,26.95,-0.62,La Niña
2011-05-01,2011,5,AMJ,27.28,-0.46,Neutral
2011-06-01,2011,6,MJJ,27.21,-0.37,Neutral
2011-07-01,2011,7,JJA,26.81,-0.43,Neutral
2011-08-01,2011,8,JAS,26.33,-0.58,La Niña
2011-09-01,2011,9,ASO,25.93,-0.79,La Niña
2011-10-01,2011,10,SON,25.7,-0.96,La Niña
2011-11-01,2011,11,OND,25.58,-1.02,La Niña
2011-12-01,2011,12,NDJ,25.58,-0.92,La Niña
2012-01-01,2012,1,DJF,25.77,-0.72,La Niña
2012-02-01,2012,2,JFM,26.15,-0.57,La Niña
2012-03-01,2012,3,FMA,26.71,-0.46,Neutral
2012-04-01,2012,4,MAM,27.21,-0.36,Neutral
2012-05-01,2012,5,AMJ,27.57,-0.17,Neutral
2012-06-01,2012,6,MJJ,27.64,0.06,Neutral
2012-07-01,2012,7,JJA,27.54,0.3,Neutral
2012-08-01,2012,8,JAS,27.32,0.41,Neutral
2012-09-01,2012,9,ASO,27.13,0.41,Neutral
2012-10-01,2012,10,SON,26.98,0.31,Neutral
2012-11-01,2012,11,OND,26.73,0.13,Neutral
2012-12-01,2012,12,NDJ,26.41,-0.1,Neutral
2013-01-01,2013,1,DJF,26.21,-0.29,Neutral
2013-02-01,2013,2,JFM,26.44,-0.29,Neutral
2013-03-01,2013,3,FMA,26.96,-0.21,Neutral
2013-04-01,2013,4,MAM,27.38,-0.19,Neutral
2013-05-01,2013,5,AMJ,27.47,-0.27,Neutral
2013-06-01,2013,6,MJJ,27.24,-0.34,Neutral
2013-07-01,2013,7,JJA,26.89,-0.35,Neutral
2013-08-01,2013,8,JAS,26.64,-0.28,Neutral
2013-09-01,2013,9,ASO,26.51,-0.21,Neutral
2013-10-01,2013,10,SON,26.54,-0.13,Neutral
2013-11-01,2013,11,OND,26.5,-0.1,Neutral
2013-12-01,2013,12,NDJ,26.35,-0.15,Neutral
2014-01-01,2014,1,DJF,26.22,-0.28,Neutral
2014-02-01,2014,2,JFM,26.41,-0.32,Neutral
2014-03-01,2014,3,FMA,27.03,-0.14,Neutral
2014-04-01,2014,4,MAM,27.73,0.15,Neutral
2014-05-01,2014,5,AMJ,28.04,0.31,Neutral
2014-06-01,2014,6,MJJ,27.82,0.23,Neutral
2014-07-01,2014,7,JJA,27.34,0.1,Neutral
2014-08-01,2014,8,JAS,27.02,0.11,Neutral
2014-09-01,2014,9,ASO,27.0,0.28,Neutral
2014-10-01,2014,10,SON,27.21,0.54,El Niño
2014-11-01,2014,11,OND,27.31,0.71,El Niño
2014-12-01,2014,12,NDJ,27.28,0.77,El Niño
2015-01-01,2015,1,DJF,27.19,0.69,El Niño
2015-02-01,2015,2,JFM,27.34,0.61,El Niño
2015-03-01,2015,3,FMA,27.82,0.65,El Niño
2015-04-01,2015,4,MAM,28.38,0.81,El Niño
2015-05-01,2015,5,AMJ,28.76,1.02,El Niño
2015-06-01,2015,6,MJJ,28.83,1.25,El Niño
2015-07-01,2015,7,JJA,28.81,1.57,El Niño
2015-08-01,2015,8,JAS,28.82,1.91,El Niño
2015-09-01,2015,9,ASO,28.93,2.21,El Niño
2015-10-01,2015,10,SON,29.14,2.47,El Niño
2015-11-01,2015,11,OND,29.25,2.64,El Niño
2015-12-01,2015,12,NDJ,29.26,2.75,El Niño
2016-01-01,2016,1,DJF,29.12,2.63,El Niño
2016-02-01,2016,2,JFM,29.01,2.28,El Niño
2016-03-01,2016,3,FMA,28.88,1.71,El Niño
2016-04-01,2016,4,MAM,28.62,1.05,El Niño
2016-05-01,2016,5,AMJ,28.22,0.49,Neutral
2016-06-01,2016,6,MJJ,27.59,0.0,Neutral
2016-07-01,2016,7,JJA,26.93,-0.31,Neutral
2016-08-01,2016,8,JAS,26.42,-0.5,La Niña
2016-09-01,2016,9,ASO,26.14,-0.58,La Niña
2016-10-01,2016,10,SON,26.02,-0.64,La Niña
2016-11-01,2016,11,OND,26.01,-0.6,La Niña
2016-12-01,2016,12,NDJ,26.06,-0.45,Neutral
2017-01-01,2017,1,DJF,26.3,-0.19,Neutral
2017-02-01,2017,2,JFM,26.71,-0.02,Neutral
2017-03-01,2017,3,FMA,27.35,0.18,Neutral
2017-04-01,2017,4,MAM,27.89,0.31,Neutral
2017-05-01,2017,5,AMJ,28.13,0.4,Neutral
2017-06-01,2017,6,MJJ,27.97,0.39,Neutral
2017-07-01,2017,7,JJA,27.43,0.19,Neutral
2017-08-01,2017,8,JAS,26.84,-0.07,Neutral
2017-09-01,2017,9,ASO,26.38,-0.34,Neutral
2017-10-01,2017,10,SON,26.06,-0.6,La Niña
2017-11-01,2017,11,OND,25.84,-0.77,La Niña
2017-12-01,2017,12,NDJ,25.64,-0.86,La Niña
2018-01-01,2018,1,DJF,25.72,-0.77,La Niña
2018-02-01,2018,2,JFM,26.02,-0.71,La Niña
2018-03-01,2018,3,FMA,26.6,-0.57,La Niña
2018-04-01,2018,4,MAM,27.18,-0.39,Neutral
2018-05-01,2018,5,AMJ,27.61,-0.13,Neutral
2018-06-01,2018,6,MJJ,27.64,0.06,Neutral
2018-07-01,2018,7,JJA,27.38,0.14,Neutral
2018-08-01,2018,8,JAS,27.18,0.27,Neutral
2018-09-01,2018,9,ASO,27.25,0.53,El Niño
2018-10-01,2018,10,SON,27.47,0.81,El Niño
2018-11-01,2018,11,OND,27.57,0.97,El Niño
2018-12-01,2018,12,NDJ,27.43,0.92,El Niño
2019-01-01,2019,1,DJF,27.39,0.89,El Niño
2019-02-01,2019,2,JFM,27.59,0.86,El Niño
2019-03-01,2019,3,FMA,28.01,0.84,El Niño
2019-04-01,2019,4,MAM,28.34,0.77,El Niño
2019-05-01,2019,5,AMJ,28.37,0.64,El Niño
2019-06-01,2019,6,MJJ,28.1,0.52,El Niño
2019-07-01,2019,7,JJA,27.57,0.33,Neutral
2019-08-01,2019,8,JAS,27.1,0.19,Neutral
2019-09-01,2019,9,ASO,26.95,0.23,Neutral
2019-10-01,2019,10,SON,27.06,0.39,Neutral
2019-11-01,2019,11,OND,27.18,0.58,El Niño
2019-12-01,2019,12,NDJ,27.17,0.66,El Niño
2020-01-01,2020,1,DJF,27.14,0.64,El Niño
2020-02-01,2020,2,JFM,27.35,0.63,El Niño
2020-03-01,2020,3,FMA,27.7,0.53,El Niño
2020-04-01,2020,4,MAM,27.87,0.3,Neutral
2020-05-01,2020,5,AMJ,27.75,0.01,Neutral
2020-06-01,2020,6,MJJ,27.35,-0.23,Neutral
2020-07-01,2020,7,JJA,26.88,-0.36,Neutral
2020-08-01,2020,8,JAS,26.38,-0.53,La Niña
2020-09-01,2020,9,ASO,25.87,-0.85,La Niña
2020-10-01,2020,10,SON,25.54,-1.12,La Niña
2020-11-01,2020,11,OND,25.4,-1.2,La Niña
2020-12-01,2020,12,NDJ,25.43,-1.08,La Niña
2021-01-01,2021,1,DJF,25.59,-0.91,La Niña
2021-02-01,2021,2,JFM,25.94,-0.79,La Niña
2021-03-01,2021,3,FMA,26.46,-0.71,La Niña
2021-04-01,2021,4,MAM,27.03,-0.55,La Niña
2021-05-01,2021,5,AMJ,27.35,-0.39,Neutral
2021-06-01,2021,6,MJJ,27.28,-0.3,Neutral
2021-07-01,2021,7,JJA,26.89,-0.35,Neutral
2021-08-01,2021,8,JAS,26.46,-0.45,Neutral
2021-09-01,2021,9,ASO,26.09,-0.63,La Niña
2021-10-01,2021,10,SON,25.9,-0.76,La Niña
2021-11-01,2021,11,OND,25.69,-0.91,La Niña
2021-12-01,2021,12,NDJ,25.63,-0.87,La Niña
2022-01-01,2022,1,DJF,25.67,-0.82,La Niña
2022-02-01,2022,2,JFM,25.94,-0.79,La Niña
2022-03-01,2022,3,FMA,26.31,-0.86,La Niña
2022-04-01,2022,4,MAM,26.62,-0.95,La Niña
2022-05-01,2022,5,AMJ,26.84,-0.9,La Niña
2022-06-01,2022,6,MJJ,26.8,-0.78,La Niña
2022-07-01,2022,7,JJA,26.48,-0.76,La Niña
2022-08-01,2022,8,JAS,26.04,-0.87,La Niña
2022-09-01,2022,9,ASO,25.75,-0.97,La Niña
2022-10-01,2022,10,SON,25.72,-0.94,La Niña
2022-11-01,2022,11,OND,25.76,-0.85,La Niña
2022-12-01,2022,12,NDJ,25.79,-0.71,La Niña
2023-01-01,2023,1,DJF,25.96,-0.54,La Niña
2023-02-01,2023,2,JFM,26.44,-0.29,Neutral
2023-03-01,2023,3,FMA,27.15,-0.02,Neutral
2023-04-01,2023,4,MAM,27.85,0.27,Neutral
2023-05-01,2023,5,AMJ,28.31,0.57,El Niño
2023-06-01,2023,6,MJJ,28.42,0.84,El Niño
2023-07-01,2023,7,JJA,28.36,1.12,El Niño
2023-08-01,2023,8,JAS,28.28,1.37,El Niño
2023-09-01,2023,9,ASO,28.32,1.6,El Niño
2023-10-01,2023,10,SON,28.49,1.83,El Niño
2023-11-01,2023,11,OND,28.6,1.99,El Niño
2023-12-01,2023,12,NDJ,28.57,2.06,El Niño
2024-01-01,2024,1,DJF,28.42,1.92,El Niño
2024-02-01,2024,2,JFM,28.35,1.62,El Niño
2024-03-01,2024,3,FMA,28.43,1.26,El Niño
2024-04-01,2024,4,MAM,28.39,0.82,El Niño
2024-05-01,2024,5,AMJ,28.22,0.49,Neutral
2024-06-01,2024,6,MJJ,27.8,0.22,Neutral
2024-07-01,2024,7,JJA,27.33,0.08,Neutral
2024-08-01,2024,8,JAS,26.85,-0.07,Neutral
2024-09-01,2024,9,ASO,26.55,-0.17,Neutral
2024-10-01,2024,10,SON,26.46,-0.21,Neutral
2024-11-01,2024,11,OND,26.3,-0.3,Neutral
2024-12-01,2024,12,NDJ,26.09,-0.42,Neutral
2025-01-01,2025,1,DJF,26.05,-0.45,Neutral
2025-02-01,2025,2,JFM,26.48,-0.24,Neutral
2025-03-01,2025,3,FMA,27.11,-0.06,Neutral
2025-04-01,2025,4,MAM,27.6,0.02,Neutral
2025-05-01,2025,5,AMJ,27.72,-0.02,Neutral
2025-06-01,2025,6,MJJ,27.54,-0.04,Neutral
2025-07-01,2025,7,JJA,27.1,-0.14,Neutral
2025-08-01,2025,8,JAS,26.63,-0.28,Neutral
2025-09-01,2025,9,ASO,26.32,-0.4,Neutral
2025-10-01,2025,10,SON,26.16,-0.51,La Niña
2025-11-01,2025,11,OND,26.05,-0.55,La Niña
2025-12-01,2025,12,NDJ,25.97,-0.54,La Niña
2026-01-01,2026,1,DJF,26.13,-0.37,Neutral
2026-02-01,2026,2,JFM,26.58,-0.14,Neutral
2026-03-01,2026,3,FMA,27.3,0.13,Neutral
2026-04-01,2026,4,MAM,28.08,0.51,El Niño
2026-05-01,2026,5,AMJ,28.71,0.98,El Niño
